DATE,INSTRUMENT,UNDERLYING,EXPIRY DATE,MTM SETTLEMENT PRICE
03-NOV-2022,FUTIDX,BANKEX,03-NOV-2022,47319.83
03-NOV-2022,FUTIDX,BANKEX,10-NOV-2022,47377.70
03-NOV-2022,FUTIDX,BANKEX,17-NOV-2022,47435.60
03-NOV-2022,FUTIDX,BANKEX,24-NOV-2022,47493.60
03-NOV-2022,FUTIDX,BANKEX,01-DEC-2022,47551.65
03-NOV-2022,FUTIDX,BANKEX,08-DEC-2022,47613.45
03-NOV-2022,FUTIDX,BANKEX,15-DEC-2022,47672.35
03-NOV-2022,FUTIDX,BANKEX,29-DEC-2022,47790.45
03-NOV-2022,FUTIDX,BANKEX,25-JAN-2023,48019.00
03-NOV-2022,FUTIDX,BANKNIFTY,24-NOV-2022,41458.65
03-NOV-2022,FUTIDX,BANKNIFTY,29-DEC-2022,41634.10
03-NOV-2022,FUTIDX,BANKNIFTY,25-JAN-2023,41779.75
03-NOV-2022,FUTIDX,FINNIFTY,29-NOV-2022,18642.95
03-NOV-2022,FUTIDX,FINNIFTY,27-DEC-2022,18786.55
03-NOV-2022,FUTIDX,FINNIFTY,31-JAN-2023,19369.00
03-NOV-2022,FUTIDX,MIDCPNIFTY,07-NOV-2022,7492.90
03-NOV-2022,FUTIDX,MIDCPNIFTY,15-NOV-2022,7503.35
03-NOV-2022,FUTIDX,MIDCPNIFTY,22-NOV-2022,7512.55
03-NOV-2022,FUTIDX,MIDCPNIFTY,29-NOV-2022,7521.70
03-NOV-2022,FUTIDX,MIDCPNIFTY,06-DEC-2022,7531.45
03-NOV-2022,FUTIDX,MIDCPNIFTY,13-DEC-2022,7540.80
03-NOV-2022,FUTIDX,MIDCPNIFTY,20-DEC-2022,7550.10
03-NOV-2022,FUTIDX,MIDCPNIFTY,27-DEC-2022,7559.45
03-NOV-2022,FUTIDX,MIDCPNIFTY,03-JAN-2023,7568.80
03-NOV-2022,FUTIDX,MIDCPNIFTY,31-JAN-2023,7606.35
03-NOV-2022,FUTIDX,NIFTY,24-NOV-2022,18118.80
03-NOV-2022,FUTIDX,NIFTY,29-DEC-2022,18186.20
03-NOV-2022,FUTIDX,NIFTY,25-JAN-2023,18242.05
03-NOV-2022,FUTIDX,SENSEX,03-NOV-2022,60836.41
03-NOV-2022,FUTIDX,SENSEX,10-NOV-2022,60910.80
03-NOV-2022,FUTIDX,SENSEX,17-NOV-2022,60985.25
03-NOV-2022,FUTIDX,SENSEX,24-NOV-2022,61059.80
03-NOV-2022,FUTIDX,SENSEX,01-DEC-2022,61134.45
03-NOV-2022,FUTIDX,SENSEX,08-DEC-2022,61213.85
03-NOV-2022,FUTIDX,SENSEX,15-DEC-2022,61289.65
03-NOV-2022,FUTIDX,SENSEX,29-DEC-2022,61441.45
03-NOV-2022,FUTIDX,SENSEX,25-JAN-2023,61735.30
03-NOV-2022,FUTIDX,SENSEX50,03-NOV-2022,19021.84
03-NOV-2022,FUTIDX,SENSEX50,10-NOV-2022,19045.10
03-NOV-2022,FUTIDX,SENSEX50,17-NOV-2022,19068.40
03-NOV-2022,FUTIDX,SENSEX50,24-NOV-2022,19091.70
03-NOV-2022,FUTIDX,SENSEX50,01-DEC-2022,19115.05
03-NOV-2022,FUTIDX,SENSEX50,08-DEC-2022,19139.85
03-NOV-2022,FUTIDX,SENSEX50,15-DEC-2022,19163.55
03-NOV-2022,FUTIDX,SENSEX50,29-DEC-2022,19211.05
03-NOV-2022,FUTIDX,SENSEX50,25-JAN-2023,19302.90
03-NOV-2022,FUTIDX,SX40,03-NOV-2022,35443.68
03-NOV-2022,FUTIDX,SX40,10-NOV-2022,35487.05
03-NOV-2022,FUTIDX,SX40,17-NOV-2022,35530.40
03-NOV-2022,FUTIDX,SX40,24-NOV-2022,35573.85
03-NOV-2022,FUTIDX,SX40,01-DEC-2022,35617.30
03-NOV-2022,FUTIDX,SX40,08-DEC-2022,35663.60
03-NOV-2022,FUTIDX,SX40,29-DEC-2022,35796.20
03-NOV-2022,FUTIDX,SX40,25-JAN-2023,35967.40
03-NOV-2022,FUTSTK,AARTIIND,03-NOV-2022,730.55
03-NOV-2022,FUTSTK,AARTIIND,10-NOV-2022,731.45
03-NOV-2022,FUTSTK,AARTIIND,17-NOV-2022,732.35
03-NOV-2022,FUTSTK,AARTIIND,24-NOV-2022,728.70
03-NOV-2022,FUTSTK,AARTIIND,01-DEC-2022,734.15
03-NOV-2022,FUTSTK,AARTIIND,08-DEC-2022,735.10
03-NOV-2022,FUTSTK,AARTIIND,29-DEC-2022,724.90
03-NOV-2022,FUTSTK,AARTIIND,25-JAN-2023,722.40
03-NOV-2022,FUTSTK,ABB,03-NOV-2022,3225.25
03-NOV-2022,FUTSTK,ABB,10-NOV-2022,3229.20
03-NOV-2022,FUTSTK,ABB,17-NOV-2022,3233.15
03-NOV-2022,FUTSTK,ABB,24-NOV-2022,3239.65
03-NOV-2022,FUTSTK,ABB,01-DEC-2022,3241.05
03-NOV-2022,FUTSTK,ABB,08-DEC-2022,3245.30
03-NOV-2022,FUTSTK,ABB,29-DEC-2022,3239.70
03-NOV-2022,FUTSTK,ABB,25-JAN-2023,3272.90
03-NOV-2022,FUTSTK,ABBOTINDIA,03-NOV-2022,19949.60
03-NOV-2022,FUTSTK,ABBOTINDIA,10-NOV-2022,19974.00
03-NOV-2022,FUTSTK,ABBOTINDIA,17-NOV-2022,19998.40
03-NOV-2022,FUTSTK,ABBOTINDIA,24-NOV-2022,20006.95
03-NOV-2022,FUTSTK,ABBOTINDIA,01-DEC-2022,20047.35
03-NOV-2022,FUTSTK,ABBOTINDIA,08-DEC-2022,20073.40
03-NOV-2022,FUTSTK,ABBOTINDIA,29-DEC-2022,20098.30
03-NOV-2022,FUTSTK,ABBOTINDIA,25-JAN-2023,20244.40
03-NOV-2022,FUTSTK,ABCAPITAL,03-NOV-2022,119.75
03-NOV-2022,FUTSTK,ABCAPITAL,10-NOV-2022,119.90
03-NOV-2022,FUTSTK,ABCAPITAL,17-NOV-2022,120.05
03-NOV-2022,FUTSTK,ABCAPITAL,24-NOV-2022,120.60
03-NOV-2022,FUTSTK,ABCAPITAL,01-DEC-2022,120.35
03-NOV-2022,FUTSTK,ABCAPITAL,08-DEC-2022,120.50
03-NOV-2022,FUTSTK,ABCAPITAL,29-DEC-2022,121.15
03-NOV-2022,FUTSTK,ABCAPITAL,25-JAN-2023,121.50
03-NOV-2022,FUTSTK,ABFRL,03-NOV-2022,352.40
03-NOV-2022,FUTSTK,ABFRL,10-NOV-2022,352.85
03-NOV-2022,FUTSTK,ABFRL,17-NOV-2022,353.30
03-NOV-2022,FUTSTK,ABFRL,24-NOV-2022,354.75
03-NOV-2022,FUTSTK,ABFRL,01-DEC-2022,354.15
03-NOV-2022,FUTSTK,ABFRL,08-DEC-2022,354.60
03-NOV-2022,FUTSTK,ABFRL,29-DEC-2022,356.25
03-NOV-2022,FUTSTK,ABFRL,25-JAN-2023,358.20
03-NOV-2022,FUTSTK,ACC,03-NOV-2022,2455.35
03-NOV-2022,FUTSTK,ACC,10-NOV-2022,2458.35
03-NOV-2022,FUTSTK,ACC,17-NOV-2022,2461.40
03-NOV-2022,FUTSTK,ACC,24-NOV-2022,2464.55
03-NOV-2022,FUTSTK,ACC,01-DEC-2022,2467.40
03-NOV-2022,FUTSTK,ACC,08-DEC-2022,2470.60
03-NOV-2022,FUTSTK,ACC,15-DEC-2022,2473.65
03-NOV-2022,FUTSTK,ACC,29-DEC-2022,2477.00
03-NOV-2022,FUTSTK,ACC,25-JAN-2023,2486.35
03-NOV-2022,FUTSTK,ADANIENT,03-NOV-2022,3590.40
03-NOV-2022,FUTSTK,ADANIENT,10-NOV-2022,3594.80
03-NOV-2022,FUTSTK,ADANIENT,17-NOV-2022,3599.20
03-NOV-2022,FUTSTK,ADANIENT,24-NOV-2022,3608.80
03-NOV-2022,FUTSTK,ADANIENT,01-DEC-2022,3608.00
03-NOV-2022,FUTSTK,ADANIENT,08-DEC-2022,3612.70
03-NOV-2022,FUTSTK,ADANIENT,15-DEC-2022,3617.15
03-NOV-2022,FUTSTK,ADANIENT,29-DEC-2022,3627.45
03-NOV-2022,FUTSTK,ADANIENT,25-JAN-2023,3643.25
03-NOV-2022,FUTSTK,ADANIPORTS,03-NOV-2022,833.50
03-NOV-2022,FUTSTK,ADANIPORTS,10-NOV-2022,834.55
03-NOV-2022,FUTSTK,ADANIPORTS,17-NOV-2022,835.55
03-NOV-2022,FUTSTK,ADANIPORTS,24-NOV-2022,836.95
03-NOV-2022,FUTSTK,ADANIPORTS,01-DEC-2022,837.60
03-NOV-2022,FUTSTK,ADANIPORTS,08-DEC-2022,838.70
03-NOV-2022,FUTSTK,ADANIPORTS,15-DEC-2022,839.75
03-NOV-2022,FUTSTK,ADANIPORTS,29-DEC-2022,841.25
03-NOV-2022,FUTSTK,ADANIPORTS,25-JAN-2023,845.65
03-NOV-2022,FUTSTK,ALKEM,03-NOV-2022,3296.35
03-NOV-2022,FUTSTK,ALKEM,10-NOV-2022,3300.40
03-NOV-2022,FUTSTK,ALKEM,17-NOV-2022,3304.45
03-NOV-2022,FUTSTK,ALKEM,24-NOV-2022,3297.55
03-NOV-2022,FUTSTK,ALKEM,01-DEC-2022,3312.50
03-NOV-2022,FUTSTK,ALKEM,08-DEC-2022,3316.80
03-NOV-2022,FUTSTK,ALKEM,29-DEC-2022,3329.15
03-NOV-2022,FUTSTK,ALKEM,25-JAN-2023,3345.05
03-NOV-2022,FUTSTK,AMARAJABAT,03-NOV-2022,519.75
03-NOV-2022,FUTSTK,AMARAJABAT,10-NOV-2022,520.40
03-NOV-2022,FUTSTK,AMARAJABAT,17-NOV-2022,521.05
03-NOV-2022,FUTSTK,AMARAJABAT,24-NOV-2022,519.30
03-NOV-2022,FUTSTK,AMARAJABAT,01-DEC-2022,522.30
03-NOV-2022,FUTSTK,AMARAJABAT,08-DEC-2022,523.00
03-NOV-2022,FUTSTK,AMARAJABAT,15-DEC-2022,523.65
03-NOV-2022,FUTSTK,AMARAJABAT,29-DEC-2022,521.35
03-NOV-2022,FUTSTK,AMBUJACEM,03-NOV-2022,539.50
03-NOV-2022,FUTSTK,AMBUJACEM,10-NOV-2022,540.20
03-NOV-2022,FUTSTK,AMBUJACEM,17-NOV-2022,540.85
03-NOV-2022,FUTSTK,AMBUJACEM,24-NOV-2022,543.10
03-NOV-2022,FUTSTK,AMBUJACEM,01-DEC-2022,542.15
03-NOV-2022,FUTSTK,AMBUJACEM,08-DEC-2022,542.85
03-NOV-2022,FUTSTK,AMBUJACEM,15-DEC-2022,543.55
03-NOV-2022,FUTSTK,AMBUJACEM,29-DEC-2022,545.90
03-NOV-2022,FUTSTK,AMBUJACEM,25-JAN-2023,547.50
03-NOV-2022,FUTSTK,APOLLOHOSP,03-NOV-2022,4395.00
03-NOV-2022,FUTSTK,APOLLOHOSP,10-NOV-2022,4400.40
03-NOV-2022,FUTSTK,APOLLOHOSP,17-NOV-2022,4405.75
03-NOV-2022,FUTSTK,APOLLOHOSP,24-NOV-2022,4425.50
03-NOV-2022,FUTSTK,APOLLOHOSP,01-DEC-2022,4416.55
03-NOV-2022,FUTSTK,APOLLOHOSP,08-DEC-2022,4422.30
03-NOV-2022,FUTSTK,APOLLOHOSP,15-DEC-2022,4427.75
03-NOV-2022,FUTSTK,APOLLOHOSP,29-DEC-2022,4444.45
03-NOV-2022,FUTSTK,APOLLOHOSP,25-JAN-2023,4459.95
03-NOV-2022,FUTSTK,APOLLOTYRE,03-NOV-2022,286.45
03-NOV-2022,FUTSTK,APOLLOTYRE,10-NOV-2022,286.80
03-NOV-2022,FUTSTK,APOLLOTYRE,17-NOV-2022,287.15
03-NOV-2022,FUTSTK,APOLLOTYRE,24-NOV-2022,288.05
03-NOV-2022,FUTSTK,APOLLOTYRE,01-DEC-2022,287.85
03-NOV-2022,FUTSTK,APOLLOTYRE,08-DEC-2022,288.25
03-NOV-2022,FUTSTK,APOLLOTYRE,15-DEC-2022,288.60
03-NOV-2022,FUTSTK,APOLLOTYRE,29-DEC-2022,288.25
03-NOV-2022,FUTSTK,APOLLOTYRE,25-JAN-2023,289.10
03-NOV-2022,FUTSTK,ASHOKLEY,03-NOV-2022,148.05
03-NOV-2022,FUTSTK,ASHOKLEY,10-NOV-2022,148.25
03-NOV-2022,FUTSTK,ASHOKLEY,17-NOV-2022,148.45
03-NOV-2022,FUTSTK,ASHOKLEY,24-NOV-2022,148.80
03-NOV-2022,FUTSTK,ASHOKLEY,01-DEC-2022,148.80
03-NOV-2022,FUTSTK,ASHOKLEY,08-DEC-2022,149.00
03-NOV-2022,FUTSTK,ASHOKLEY,15-DEC-2022,149.15
03-NOV-2022,FUTSTK,ASHOKLEY,29-DEC-2022,149.55
03-NOV-2022,FUTSTK,ASHOKLEY,25-JAN-2023,150.25
03-NOV-2022,FUTSTK,ASIANPAINT,03-NOV-2022,3141.30
03-NOV-2022,FUTSTK,ASIANPAINT,10-NOV-2022,3145.15
03-NOV-2022,FUTSTK,ASIANPAINT,17-NOV-2022,3149.00
03-NOV-2022,FUTSTK,ASIANPAINT,24-NOV-2022,3159.25
03-NOV-2022,FUTSTK,ASIANPAINT,01-DEC-2022,3156.70
03-NOV-2022,FUTSTK,ASIANPAINT,08-DEC-2022,3160.80
03-NOV-2022,FUTSTK,ASIANPAINT,15-DEC-2022,3164.70
03-NOV-2022,FUTSTK,ASIANPAINT,29-DEC-2022,3175.90
03-NOV-2022,FUTSTK,ASIANPAINT,25-JAN-2023,3185.35
03-NOV-2022,FUTSTK,ASTRAL,03-NOV-2022,2075.55
03-NOV-2022,FUTSTK,ASTRAL,10-NOV-2022,2078.10
03-NOV-2022,FUTSTK,ASTRAL,17-NOV-2022,2080.65
03-NOV-2022,FUTSTK,ASTRAL,24-NOV-2022,2088.25
03-NOV-2022,FUTSTK,ASTRAL,01-DEC-2022,2085.75
03-NOV-2022,FUTSTK,ASTRAL,08-DEC-2022,2088.45
03-NOV-2022,FUTSTK,ASTRAL,29-DEC-2022,2093.40
03-NOV-2022,FUTSTK,ASTRAL,25-JAN-2023,2106.25
03-NOV-2022,FUTSTK,ATUL,03-NOV-2022,8443.70
03-NOV-2022,FUTSTK,ATUL,10-NOV-2022,8454.05
03-NOV-2022,FUTSTK,ATUL,17-NOV-2022,8464.40
03-NOV-2022,FUTSTK,ATUL,24-NOV-2022,8472.35
03-NOV-2022,FUTSTK,ATUL,01-DEC-2022,8485.10
03-NOV-2022,FUTSTK,ATUL,08-DEC-2022,8496.10
03-NOV-2022,FUTSTK,ATUL,29-DEC-2022,8516.55
03-NOV-2022,FUTSTK,ATUL,25-JAN-2023,8568.50
03-NOV-2022,FUTSTK,AUBANK,03-NOV-2022,614.60
03-NOV-2022,FUTSTK,AUBANK,10-NOV-2022,615.35
03-NOV-2022,FUTSTK,AUBANK,17-NOV-2022,616.10
03-NOV-2022,FUTSTK,AUBANK,24-NOV-2022,610.95
03-NOV-2022,FUTSTK,AUBANK,01-DEC-2022,617.65
03-NOV-2022,FUTSTK,AUBANK,08-DEC-2022,618.45
03-NOV-2022,FUTSTK,AUBANK,29-DEC-2022,607.85
03-NOV-2022,FUTSTK,AUBANK,25-JAN-2023,623.70
03-NOV-2022,FUTSTK,AUROPHARMA,03-NOV-2022,558.35
03-NOV-2022,FUTSTK,AUROPHARMA,10-NOV-2022,559.05
03-NOV-2022,FUTSTK,AUROPHARMA,17-NOV-2022,559.75
03-NOV-2022,FUTSTK,AUROPHARMA,24-NOV-2022,560.40
03-NOV-2022,FUTSTK,AUROPHARMA,01-DEC-2022,561.10
03-NOV-2022,FUTSTK,AUROPHARMA,08-DEC-2022,561.85
03-NOV-2022,FUTSTK,AUROPHARMA,15-DEC-2022,562.55
03-NOV-2022,FUTSTK,AUROPHARMA,29-DEC-2022,563.25
03-NOV-2022,FUTSTK,AUROPHARMA,25-JAN-2023,566.60
03-NOV-2022,FUTSTK,AXISBANK,03-NOV-2022,864.05
03-NOV-2022,FUTSTK,AXISBANK,10-NOV-2022,865.15
03-NOV-2022,FUTSTK,AXISBANK,17-NOV-2022,866.20
03-NOV-2022,FUTSTK,AXISBANK,24-NOV-2022,869.50
03-NOV-2022,FUTSTK,AXISBANK,01-DEC-2022,868.30
03-NOV-2022,FUTSTK,AXISBANK,08-DEC-2022,869.45
03-NOV-2022,FUTSTK,AXISBANK,15-DEC-2022,870.50
03-NOV-2022,FUTSTK,AXISBANK,29-DEC-2022,873.70
03-NOV-2022,FUTSTK,AXISBANK,25-JAN-2023,878.45
03-NOV-2022,FUTSTK,BAJAJ-AUTO,03-NOV-2022,3773.50
03-NOV-2022,FUTSTK,BAJAJ-AUTO,10-NOV-2022,3778.15
03-NOV-2022,FUTSTK,BAJAJ-AUTO,17-NOV-2022,3782.75
03-NOV-2022,FUTSTK,BAJAJ-AUTO,24-NOV-2022,3783.60
03-NOV-2022,FUTSTK,BAJAJ-AUTO,01-DEC-2022,3792.00
03-NOV-2022,FUTSTK,BAJAJ-AUTO,08-DEC-2022,3796.95
03-NOV-2022,FUTSTK,BAJAJ-AUTO,15-DEC-2022,3801.65
03-NOV-2022,FUTSTK,BAJAJ-AUTO,29-DEC-2022,3779.10
03-NOV-2022,FUTSTK,BAJAJ-AUTO,25-JAN-2023,3829.25
03-NOV-2022,FUTSTK,BAJAJFINSV,03-NOV-2022,1723.50
03-NOV-2022,FUTSTK,BAJAJFINSV,10-NOV-2022,1725.65
03-NOV-2022,FUTSTK,BAJAJFINSV,17-NOV-2022,1727.75
03-NOV-2022,FUTSTK,BAJAJFINSV,24-NOV-2022,1734.45
03-NOV-2022,FUTSTK,BAJAJFINSV,01-DEC-2022,1731.95
03-NOV-2022,FUTSTK,BAJAJFINSV,08-DEC-2022,1734.20
03-NOV-2022,FUTSTK,BAJAJFINSV,15-DEC-2022,1736.35
03-NOV-2022,FUTSTK,BAJAJFINSV,29-DEC-2022,1735.85
03-NOV-2022,FUTSTK,BAJAJFINSV,25-JAN-2023,1749.00
03-NOV-2022,FUTSTK,BAJFINANCE,03-NOV-2022,7121.60
03-NOV-2022,FUTSTK,BAJFINANCE,10-NOV-2022,7130.35
03-NOV-2022,FUTSTK,BAJFINANCE,17-NOV-2022,7139.05
03-NOV-2022,FUTSTK,BAJFINANCE,24-NOV-2022,7169.20
03-NOV-2022,FUTSTK,BAJFINANCE,01-DEC-2022,7156.50
03-NOV-2022,FUTSTK,BAJFINANCE,08-DEC-2022,7165.80
03-NOV-2022,FUTSTK,BAJFINANCE,15-DEC-2022,7174.65
03-NOV-2022,FUTSTK,BAJFINANCE,29-DEC-2022,7204.80
03-NOV-2022,FUTSTK,BAJFINANCE,25-JAN-2023,7235.80
03-NOV-2022,FUTSTK,BALKRISIND,03-NOV-2022,1895.60
03-NOV-2022,FUTSTK,BALKRISIND,10-NOV-2022,1897.95
03-NOV-2022,FUTSTK,BALKRISIND,17-NOV-2022,1900.25
03-NOV-2022,FUTSTK,BALKRISIND,24-NOV-2022,1899.50
03-NOV-2022,FUTSTK,BALKRISIND,01-DEC-2022,1904.90
03-NOV-2022,FUTSTK,BALKRISIND,08-DEC-2022,1907.40
03-NOV-2022,FUTSTK,BALKRISIND,15-DEC-2022,1909.75
03-NOV-2022,FUTSTK,BALKRISIND,29-DEC-2022,1906.95
03-NOV-2022,FUTSTK,BALKRISIND,25-JAN-2023,1913.35
03-NOV-2022,FUTSTK,BALRAMCHIN,03-NOV-2022,337.85
03-NOV-2022,FUTSTK,BALRAMCHIN,10-NOV-2022,338.30
03-NOV-2022,FUTSTK,BALRAMCHIN,17-NOV-2022,338.70
03-NOV-2022,FUTSTK,BALRAMCHIN,24-NOV-2022,340.00
03-NOV-2022,FUTSTK,BALRAMCHIN,01-DEC-2022,339.50
03-NOV-2022,FUTSTK,BALRAMCHIN,08-DEC-2022,339.95
03-NOV-2022,FUTSTK,BALRAMCHIN,29-DEC-2022,341.25
03-NOV-2022,FUTSTK,BALRAMCHIN,25-JAN-2023,341.45
03-NOV-2022,FUTSTK,BANDHANBNK,03-NOV-2022,233.65
03-NOV-2022,FUTSTK,BANDHANBNK,10-NOV-2022,233.95
03-NOV-2022,FUTSTK,BANDHANBNK,17-NOV-2022,234.25
03-NOV-2022,FUTSTK,BANDHANBNK,24-NOV-2022,235.05
03-NOV-2022,FUTSTK,BANDHANBNK,01-DEC-2022,234.80
03-NOV-2022,FUTSTK,BANDHANBNK,08-DEC-2022,235.10
03-NOV-2022,FUTSTK,BANDHANBNK,29-DEC-2022,236.10
03-NOV-2022,FUTSTK,BANDHANBNK,25-JAN-2023,237.25
03-NOV-2022,FUTSTK,BANKBARODA,03-NOV-2022,148.15
03-NOV-2022,FUTSTK,BANKBARODA,10-NOV-2022,148.35
03-NOV-2022,FUTSTK,BANKBARODA,17-NOV-2022,148.55
03-NOV-2022,FUTSTK,BANKBARODA,24-NOV-2022,148.80
03-NOV-2022,FUTSTK,BANKBARODA,01-DEC-2022,148.90
03-NOV-2022,FUTSTK,BANKBARODA,08-DEC-2022,149.10
03-NOV-2022,FUTSTK,BANKBARODA,15-DEC-2022,149.25
03-NOV-2022,FUTSTK,BANKBARODA,29-DEC-2022,149.40
03-NOV-2022,FUTSTK,BANKBARODA,25-JAN-2023,150.35
03-NOV-2022,FUTSTK,BATAINDIA,03-NOV-2022,1832.05
03-NOV-2022,FUTSTK,BATAINDIA,10-NOV-2022,1834.30
03-NOV-2022,FUTSTK,BATAINDIA,17-NOV-2022,1836.55
03-NOV-2022,FUTSTK,BATAINDIA,24-NOV-2022,1843.20
03-NOV-2022,FUTSTK,BATAINDIA,01-DEC-2022,1841.05
03-NOV-2022,FUTSTK,BATAINDIA,08-DEC-2022,1843.45
03-NOV-2022,FUTSTK,BATAINDIA,15-DEC-2022,1845.70
03-NOV-2022,FUTSTK,BATAINDIA,29-DEC-2022,1851.40
03-NOV-2022,FUTSTK,BATAINDIA,25-JAN-2023,1859.15
03-NOV-2022,FUTSTK,BEL,03-NOV-2022,109.95
03-NOV-2022,FUTSTK,BEL,10-NOV-2022,110.10
03-NOV-2022,FUTSTK,BEL,17-NOV-2022,110.25
03-NOV-2022,FUTSTK,BEL,24-NOV-2022,110.40
03-NOV-2022,FUTSTK,BEL,01-DEC-2022,110.50
03-NOV-2022,FUTSTK,BEL,08-DEC-2022,110.65
03-NOV-2022,FUTSTK,BEL,15-DEC-2022,110.80
03-NOV-2022,FUTSTK,BEL,29-DEC-2022,110.90
03-NOV-2022,FUTSTK,BEL,25-JAN-2023,111.25
03-NOV-2022,FUTSTK,BERGEPAINT,03-NOV-2022,606.70
03-NOV-2022,FUTSTK,BERGEPAINT,10-NOV-2022,607.45
03-NOV-2022,FUTSTK,BERGEPAINT,17-NOV-2022,608.20
03-NOV-2022,FUTSTK,BERGEPAINT,24-NOV-2022,609.00
03-NOV-2022,FUTSTK,BERGEPAINT,01-DEC-2022,609.70
03-NOV-2022,FUTSTK,BERGEPAINT,08-DEC-2022,610.50
03-NOV-2022,FUTSTK,BERGEPAINT,15-DEC-2022,611.25
03-NOV-2022,FUTSTK,BERGEPAINT,29-DEC-2022,611.70
03-NOV-2022,FUTSTK,BERGEPAINT,25-JAN-2023,613.15
03-NOV-2022,FUTSTK,BHARATFORG,03-NOV-2022,857.20
03-NOV-2022,FUTSTK,BHARATFORG,10-NOV-2022,858.25
03-NOV-2022,FUTSTK,BHARATFORG,17-NOV-2022,859.30
03-NOV-2022,FUTSTK,BHARATFORG,24-NOV-2022,854.20
03-NOV-2022,FUTSTK,BHARATFORG,01-DEC-2022,861.40
03-NOV-2022,FUTSTK,BHARATFORG,08-DEC-2022,862.55
03-NOV-2022,FUTSTK,BHARATFORG,15-DEC-2022,863.60
03-NOV-2022,FUTSTK,BHARATFORG,29-DEC-2022,852.55
03-NOV-2022,FUTSTK,BHARATFORG,25-JAN-2023,850.30
03-NOV-2022,FUTSTK,BHARTIARTL,03-NOV-2022,818.65
03-NOV-2022,FUTSTK,BHARTIARTL,10-NOV-2022,819.65
03-NOV-2022,FUTSTK,BHARTIARTL,17-NOV-2022,820.65
03-NOV-2022,FUTSTK,BHARTIARTL,24-NOV-2022,818.80
03-NOV-2022,FUTSTK,BHARTIARTL,01-DEC-2022,822.70
03-NOV-2022,FUTSTK,BHARTIARTL,08-DEC-2022,823.75
03-NOV-2022,FUTSTK,BHARTIARTL,15-DEC-2022,824.75
03-NOV-2022,FUTSTK,BHARTIARTL,29-DEC-2022,817.65
03-NOV-2022,FUTSTK,BHARTIARTL,25-JAN-2023,816.50
03-NOV-2022,FUTSTK,BHEL,03-NOV-2022,75.35
03-NOV-2022,FUTSTK,BHEL,10-NOV-2022,75.45
03-NOV-2022,FUTSTK,BHEL,17-NOV-2022,75.55
03-NOV-2022,FUTSTK,BHEL,24-NOV-2022,75.75
03-NOV-2022,FUTSTK,BHEL,01-DEC-2022,75.75
03-NOV-2022,FUTSTK,BHEL,08-DEC-2022,75.85
03-NOV-2022,FUTSTK,BHEL,15-DEC-2022,75.95
03-NOV-2022,FUTSTK,BHEL,29-DEC-2022,76.05
03-NOV-2022,FUTSTK,BHEL,25-JAN-2023,76.25
03-NOV-2022,FUTSTK,BIOCON,03-NOV-2022,279.75
03-NOV-2022,FUTSTK,BIOCON,10-NOV-2022,280.10
03-NOV-2022,FUTSTK,BIOCON,17-NOV-2022,280.45
03-NOV-2022,FUTSTK,BIOCON,24-NOV-2022,280.85
03-NOV-2022,FUTSTK,BIOCON,01-DEC-2022,281.15
03-NOV-2022,FUTSTK,BIOCON,08-DEC-2022,281.50
03-NOV-2022,FUTSTK,BIOCON,15-DEC-2022,281.85
03-NOV-2022,FUTSTK,BIOCON,29-DEC-2022,282.15
03-NOV-2022,FUTSTK,BIOCON,25-JAN-2023,283.20
03-NOV-2022,FUTSTK,BOSCHLTD,03-NOV-2022,16557.60
03-NOV-2022,FUTSTK,BOSCHLTD,10-NOV-2022,16577.85
03-NOV-2022,FUTSTK,BOSCHLTD,17-NOV-2022,16598.10
03-NOV-2022,FUTSTK,BOSCHLTD,24-NOV-2022,16631.60
03-NOV-2022,FUTSTK,BOSCHLTD,01-DEC-2022,16638.75
03-NOV-2022,FUTSTK,BOSCHLTD,08-DEC-2022,16660.35
03-NOV-2022,FUTSTK,BOSCHLTD,15-DEC-2022,16680.95
03-NOV-2022,FUTSTK,BOSCHLTD,29-DEC-2022,16722.30
03-NOV-2022,FUTSTK,BOSCHLTD,25-JAN-2023,16802.25
03-NOV-2022,FUTSTK,BPCL,03-NOV-2022,305.10
03-NOV-2022,FUTSTK,BPCL,10-NOV-2022,305.50
03-NOV-2022,FUTSTK,BPCL,17-NOV-2022,305.85
03-NOV-2022,FUTSTK,BPCL,24-NOV-2022,307.10
03-NOV-2022,FUTSTK,BPCL,01-DEC-2022,306.60
03-NOV-2022,FUTSTK,BPCL,08-DEC-2022,307.00
03-NOV-2022,FUTSTK,BPCL,15-DEC-2022,307.40
03-NOV-2022,FUTSTK,BPCL,29-DEC-2022,307.65
03-NOV-2022,FUTSTK,BPCL,25-JAN-2023,309.65
03-NOV-2022,FUTSTK,BRITANNIA,03-NOV-2022,3748.00
03-NOV-2022,FUTSTK,BRITANNIA,10-NOV-2022,3752.60
03-NOV-2022,FUTSTK,BRITANNIA,17-NOV-2022,3757.20
03-NOV-2022,FUTSTK,BRITANNIA,24-NOV-2022,3774.55
03-NOV-2022,FUTSTK,BRITANNIA,01-DEC-2022,3766.40
03-NOV-2022,FUTSTK,BRITANNIA,08-DEC-2022,3771.25
03-NOV-2022,FUTSTK,BRITANNIA,15-DEC-2022,3775.95
03-NOV-2022,FUTSTK,BRITANNIA,29-DEC-2022,3791.00
03-NOV-2022,FUTSTK,BRITANNIA,25-JAN-2023,3803.40
03-NOV-2022,FUTSTK,BSOFT,03-NOV-2022,278.00
03-NOV-2022,FUTSTK,BSOFT,10-NOV-2022,278.35
03-NOV-2022,FUTSTK,BSOFT,17-NOV-2022,278.70
03-NOV-2022,FUTSTK,BSOFT,24-NOV-2022,279.50
03-NOV-2022,FUTSTK,BSOFT,01-DEC-2022,279.40
03-NOV-2022,FUTSTK,BSOFT,08-DEC-2022,279.75
03-NOV-2022,FUTSTK,BSOFT,29-DEC-2022,280.80
03-NOV-2022,FUTSTK,BSOFT,25-JAN-2023,282.05
03-NOV-2022,FUTSTK,CANBK,03-NOV-2022,295.05
03-NOV-2022,FUTSTK,CANBK,10-NOV-2022,295.45
03-NOV-2022,FUTSTK,CANBK,17-NOV-2022,295.80
03-NOV-2022,FUTSTK,CANBK,24-NOV-2022,297.00
03-NOV-2022,FUTSTK,CANBK,01-DEC-2022,296.50
03-NOV-2022,FUTSTK,CANBK,08-DEC-2022,296.90
03-NOV-2022,FUTSTK,CANBK,15-DEC-2022,297.25
03-NOV-2022,FUTSTK,CANBK,29-DEC-2022,298.15
03-NOV-2022,FUTSTK,CANBK,25-JAN-2023,299.60
03-NOV-2022,FUTSTK,CANFINHOME,03-NOV-2022,521.15
03-NOV-2022,FUTSTK,CANFINHOME,10-NOV-2022,521.80
03-NOV-2022,FUTSTK,CANFINHOME,17-NOV-2022,522.45
03-NOV-2022,FUTSTK,CANFINHOME,24-NOV-2022,523.90
03-NOV-2022,FUTSTK,CANFINHOME,01-DEC-2022,523.70
03-NOV-2022,FUTSTK,CANFINHOME,08-DEC-2022,524.40
03-NOV-2022,FUTSTK,CANFINHOME,29-DEC-2022,525.65
03-NOV-2022,FUTSTK,CANFINHOME,25-JAN-2023,528.85
03-NOV-2022,FUTSTK,CHAMBLFERT,03-NOV-2022,310.30
03-NOV-2022,FUTSTK,CHAMBLFERT,10-NOV-2022,310.70
03-NOV-2022,FUTSTK,CHAMBLFERT,17-NOV-2022,311.10
03-NOV-2022,FUTSTK,CHAMBLFERT,24-NOV-2022,312.20
03-NOV-2022,FUTSTK,CHAMBLFERT,01-DEC-2022,311.85
03-NOV-2022,FUTSTK,CHAMBLFERT,08-DEC-2022,312.25
03-NOV-2022,FUTSTK,CHAMBLFERT,29-DEC-2022,313.65
03-NOV-2022,FUTSTK,CHAMBLFERT,25-JAN-2023,315.00
03-NOV-2022,FUTSTK,CHOLAFIN,03-NOV-2022,758.55
03-NOV-2022,FUTSTK,CHOLAFIN,10-NOV-2022,759.50
03-NOV-2022,FUTSTK,CHOLAFIN,17-NOV-2022,760.45
03-NOV-2022,FUTSTK,CHOLAFIN,24-NOV-2022,762.25
03-NOV-2022,FUTSTK,CHOLAFIN,01-DEC-2022,762.30
03-NOV-2022,FUTSTK,CHOLAFIN,08-DEC-2022,763.30
03-NOV-2022,FUTSTK,CHOLAFIN,15-DEC-2022,764.20
03-NOV-2022,FUTSTK,CHOLAFIN,29-DEC-2022,764.90
03-NOV-2022,FUTSTK,CHOLAFIN,25-JAN-2023,769.80
03-NOV-2022,FUTSTK,CIPLA,03-NOV-2022,1162.95
03-NOV-2022,FUTSTK,CIPLA,10-NOV-2022,1164.40
03-NOV-2022,FUTSTK,CIPLA,17-NOV-2022,1165.80
03-NOV-2022,FUTSTK,CIPLA,24-NOV-2022,1167.00
03-NOV-2022,FUTSTK,CIPLA,01-DEC-2022,1168.65
03-NOV-2022,FUTSTK,CIPLA,08-DEC-2022,1170.20
03-NOV-2022,FUTSTK,CIPLA,15-DEC-2022,1171.65
03-NOV-2022,FUTSTK,CIPLA,29-DEC-2022,1166.35
03-NOV-2022,FUTSTK,CIPLA,25-JAN-2023,1180.15
03-NOV-2022,FUTSTK,COALINDIA,03-NOV-2022,246.20
03-NOV-2022,FUTSTK,COALINDIA,10-NOV-2022,246.50
03-NOV-2022,FUTSTK,COALINDIA,17-NOV-2022,246.80
03-NOV-2022,FUTSTK,COALINDIA,24-NOV-2022,245.20
03-NOV-2022,FUTSTK,COALINDIA,01-DEC-2022,247.45
03-NOV-2022,FUTSTK,COALINDIA,08-DEC-2022,247.75
03-NOV-2022,FUTSTK,COALINDIA,15-DEC-2022,248.05
03-NOV-2022,FUTSTK,COALINDIA,29-DEC-2022,245.65
03-NOV-2022,FUTSTK,COALINDIA,25-JAN-2023,249.85
03-NOV-2022,FUTSTK,COFORGE,03-NOV-2022,3794.40
03-NOV-2022,FUTSTK,COFORGE,10-NOV-2022,3799.05
03-NOV-2022,FUTSTK,COFORGE,17-NOV-2022,3803.70
03-NOV-2022,FUTSTK,COFORGE,24-NOV-2022,3783.10
03-NOV-2022,FUTSTK,COFORGE,01-DEC-2022,3813.00
03-NOV-2022,FUTSTK,COFORGE,08-DEC-2022,3817.95
03-NOV-2022,FUTSTK,COFORGE,15-DEC-2022,3822.70
03-NOV-2022,FUTSTK,COFORGE,29-DEC-2022,3730.65
03-NOV-2022,FUTSTK,COFORGE,25-JAN-2023,3850.50
03-NOV-2022,FUTSTK,COLPAL,03-NOV-2022,1589.10
03-NOV-2022,FUTSTK,COLPAL,10-NOV-2022,1591.05
03-NOV-2022,FUTSTK,COLPAL,17-NOV-2022,1593.00
03-NOV-2022,FUTSTK,COLPAL,24-NOV-2022,1596.70
03-NOV-2022,FUTSTK,COLPAL,01-DEC-2022,1596.90
03-NOV-2022,FUTSTK,COLPAL,08-DEC-2022,1599.00
03-NOV-2022,FUTSTK,COLPAL,15-DEC-2022,1600.95
03-NOV-2022,FUTSTK,COLPAL,29-DEC-2022,1606.80
03-NOV-2022,FUTSTK,COLPAL,25-JAN-2023,1612.60
03-NOV-2022,FUTSTK,CONCOR,03-NOV-2022,796.05
03-NOV-2022,FUTSTK,CONCOR,10-NOV-2022,797.05
03-NOV-2022,FUTSTK,CONCOR,17-NOV-2022,798.00
03-NOV-2022,FUTSTK,CONCOR,24-NOV-2022,797.50
03-NOV-2022,FUTSTK,CONCOR,01-DEC-2022,799.95
03-NOV-2022,FUTSTK,CONCOR,08-DEC-2022,801.00
03-NOV-2022,FUTSTK,CONCOR,15-DEC-2022,802.00
03-NOV-2022,FUTSTK,CONCOR,29-DEC-2022,801.55
03-NOV-2022,FUTSTK,CONCOR,25-JAN-2023,804.10
03-NOV-2022,FUTSTK,COROMANDEL,03-NOV-2022,983.85
03-NOV-2022,FUTSTK,COROMANDEL,10-NOV-2022,985.05
03-NOV-2022,FUTSTK,COROMANDEL,17-NOV-2022,986.30
03-NOV-2022,FUTSTK,COROMANDEL,24-NOV-2022,992.65
03-NOV-2022,FUTSTK,COROMANDEL,01-DEC-2022,988.70
03-NOV-2022,FUTSTK,COROMANDEL,08-DEC-2022,989.95
03-NOV-2022,FUTSTK,COROMANDEL,29-DEC-2022,997.55
03-NOV-2022,FUTSTK,COROMANDEL,25-JAN-2023,986.90
03-NOV-2022,FUTSTK,CROMPTON,03-NOV-2022,363.45
03-NOV-2022,FUTSTK,CROMPTON,10-NOV-2022,363.90
03-NOV-2022,FUTSTK,CROMPTON,17-NOV-2022,364.35
03-NOV-2022,FUTSTK,CROMPTON,24-NOV-2022,363.30
03-NOV-2022,FUTSTK,CROMPTON,01-DEC-2022,365.25
03-NOV-2022,FUTSTK,CROMPTON,08-DEC-2022,365.70
03-NOV-2022,FUTSTK,CROMPTON,29-DEC-2022,362.90
03-NOV-2022,FUTSTK,CROMPTON,25-JAN-2023,368.85
03-NOV-2022,FUTSTK,CUB,03-NOV-2022,187.75
03-NOV-2022,FUTSTK,CUB,10-NOV-2022,188.00
03-NOV-2022,FUTSTK,CUB,17-NOV-2022,188.25
03-NOV-2022,FUTSTK,CUB,24-NOV-2022,187.65
03-NOV-2022,FUTSTK,CUB,01-DEC-2022,188.70
03-NOV-2022,FUTSTK,CUB,08-DEC-2022,188.95
03-NOV-2022,FUTSTK,CUB,29-DEC-2022,185.55
03-NOV-2022,FUTSTK,CUB,25-JAN-2023,190.55
03-NOV-2022,FUTSTK,CUMMINSIND,03-NOV-2022,1330.85
03-NOV-2022,FUTSTK,CUMMINSIND,10-NOV-2022,1332.50
03-NOV-2022,FUTSTK,CUMMINSIND,17-NOV-2022,1334.15
03-NOV-2022,FUTSTK,CUMMINSIND,24-NOV-2022,1337.25
03-NOV-2022,FUTSTK,CUMMINSIND,01-DEC-2022,1337.40
03-NOV-2022,FUTSTK,CUMMINSIND,08-DEC-2022,1339.15
03-NOV-2022,FUTSTK,CUMMINSIND,15-DEC-2022,1340.80
03-NOV-2022,FUTSTK,CUMMINSIND,29-DEC-2022,1340.15
03-NOV-2022,FUTSTK,CUMMINSIND,25-JAN-2023,1340.00
03-NOV-2022,FUTSTK,DABUR,03-NOV-2022,555.90
03-NOV-2022,FUTSTK,DABUR,10-NOV-2022,556.60
03-NOV-2022,FUTSTK,DABUR,17-NOV-2022,557.30
03-NOV-2022,FUTSTK,DABUR,24-NOV-2022,558.90
03-NOV-2022,FUTSTK,DABUR,01-DEC-2022,558.65
03-NOV-2022,FUTSTK,DABUR,08-DEC-2022,559.35
03-NOV-2022,FUTSTK,DABUR,15-DEC-2022,560.05
03-NOV-2022,FUTSTK,DABUR,29-DEC-2022,561.90
03-NOV-2022,FUTSTK,DABUR,25-JAN-2023,564.15
03-NOV-2022,FUTSTK,DALBHARAT,03-NOV-2022,1653.65
03-NOV-2022,FUTSTK,DALBHARAT,10-NOV-2022,1655.70
03-NOV-2022,FUTSTK,DALBHARAT,17-NOV-2022,1657.70
03-NOV-2022,FUTSTK,DALBHARAT,24-NOV-2022,1660.10
03-NOV-2022,FUTSTK,DALBHARAT,01-DEC-2022,1661.75
03-NOV-2022,FUTSTK,DALBHARAT,08-DEC-2022,1663.95
03-NOV-2022,FUTSTK,DALBHARAT,29-DEC-2022,1665.15
03-NOV-2022,FUTSTK,DALBHARAT,25-JAN-2023,1668.60
03-NOV-2022,FUTSTK,DEEPAKNTR,03-NOV-2022,2319.30
03-NOV-2022,FUTSTK,DEEPAKNTR,10-NOV-2022,2322.15
03-NOV-2022,FUTSTK,DEEPAKNTR,17-NOV-2022,2325.00
03-NOV-2022,FUTSTK,DEEPAKNTR,24-NOV-2022,2318.80
03-NOV-2022,FUTSTK,DEEPAKNTR,01-DEC-2022,2330.70
03-NOV-2022,FUTSTK,DEEPAKNTR,08-DEC-2022,2333.70
03-NOV-2022,FUTSTK,DEEPAKNTR,29-DEC-2022,2313.95
03-NOV-2022,FUTSTK,DEEPAKNTR,25-JAN-2023,2320.00
03-NOV-2022,FUTSTK,DELTACORP,03-NOV-2022,222.45
03-NOV-2022,FUTSTK,DELTACORP,10-NOV-2022,222.75
03-NOV-2022,FUTSTK,DELTACORP,17-NOV-2022,223.00
03-NOV-2022,FUTSTK,DELTACORP,24-NOV-2022,223.90
03-NOV-2022,FUTSTK,DELTACORP,01-DEC-2022,223.55
03-NOV-2022,FUTSTK,DELTACORP,08-DEC-2022,223.85
03-NOV-2022,FUTSTK,DELTACORP,29-DEC-2022,225.15
03-NOV-2022,FUTSTK,DELTACORP,25-JAN-2023,225.75
03-NOV-2022,FUTSTK,DIVISLAB,03-NOV-2022,3781.25
03-NOV-2022,FUTSTK,DIVISLAB,10-NOV-2022,3785.90
03-NOV-2022,FUTSTK,DIVISLAB,17-NOV-2022,3790.50
03-NOV-2022,FUTSTK,DIVISLAB,24-NOV-2022,3794.10
03-NOV-2022,FUTSTK,DIVISLAB,01-DEC-2022,3799.80
03-NOV-2022,FUTSTK,DIVISLAB,08-DEC-2022,3804.75
03-NOV-2022,FUTSTK,DIVISLAB,15-DEC-2022,3809.45
03-NOV-2022,FUTSTK,DIVISLAB,29-DEC-2022,3815.60
03-NOV-2022,FUTSTK,DIVISLAB,25-JAN-2023,3837.15
03-NOV-2022,FUTSTK,DIXON,03-NOV-2022,4533.60
03-NOV-2022,FUTSTK,DIXON,10-NOV-2022,4539.15
03-NOV-2022,FUTSTK,DIXON,17-NOV-2022,4544.70
03-NOV-2022,FUTSTK,DIXON,24-NOV-2022,4553.50
03-NOV-2022,FUTSTK,DIXON,01-DEC-2022,4555.85
03-NOV-2022,FUTSTK,DIXON,08-DEC-2022,4561.75
03-NOV-2022,FUTSTK,DIXON,29-DEC-2022,4542.00
03-NOV-2022,FUTSTK,DIXON,25-JAN-2023,4600.60
03-NOV-2022,FUTSTK,DLF,03-NOV-2022,384.75
03-NOV-2022,FUTSTK,DLF,10-NOV-2022,385.25
03-NOV-2022,FUTSTK,DLF,17-NOV-2022,385.70
03-NOV-2022,FUTSTK,DLF,24-NOV-2022,387.30
03-NOV-2022,FUTSTK,DLF,01-DEC-2022,386.65
03-NOV-2022,FUTSTK,DLF,08-DEC-2022,387.15
03-NOV-2022,FUTSTK,DLF,15-DEC-2022,387.65
03-NOV-2022,FUTSTK,DLF,29-DEC-2022,389.05
03-NOV-2022,FUTSTK,DLF,25-JAN-2023,390.45
03-NOV-2022,FUTSTK,DRREDDY,03-NOV-2022,4590.10
03-NOV-2022,FUTSTK,DRREDDY,10-NOV-2022,4595.75
03-NOV-2022,FUTSTK,DRREDDY,17-NOV-2022,4601.35
03-NOV-2022,FUTSTK,DRREDDY,24-NOV-2022,4619.40
03-NOV-2022,FUTSTK,DRREDDY,01-DEC-2022,4612.60
03-NOV-2022,FUTSTK,DRREDDY,08-DEC-2022,4618.60
03-NOV-2022,FUTSTK,DRREDDY,15-DEC-2022,4624.30
03-NOV-2022,FUTSTK,DRREDDY,29-DEC-2022,4626.85
03-NOV-2022,FUTSTK,DRREDDY,25-JAN-2023,4628.15
03-NOV-2022,FUTSTK,EICHERMOT,03-NOV-2022,3675.25
03-NOV-2022,FUTSTK,EICHERMOT,10-NOV-2022,3679.75
03-NOV-2022,FUTSTK,EICHERMOT,17-NOV-2022,3684.25
03-NOV-2022,FUTSTK,EICHERMOT,24-NOV-2022,3653.95
03-NOV-2022,FUTSTK,EICHERMOT,01-DEC-2022,3693.25
03-NOV-2022,FUTSTK,EICHERMOT,08-DEC-2022,3698.05
03-NOV-2022,FUTSTK,EICHERMOT,15-DEC-2022,3702.65
03-NOV-2022,FUTSTK,EICHERMOT,29-DEC-2022,3647.15
03-NOV-2022,FUTSTK,EICHERMOT,25-JAN-2023,3639.30
03-NOV-2022,FUTSTK,ESCORTS,03-NOV-2022,2013.15
03-NOV-2022,FUTSTK,ESCORTS,10-NOV-2022,2015.65
03-NOV-2022,FUTSTK,ESCORTS,17-NOV-2022,2018.10
03-NOV-2022,FUTSTK,ESCORTS,24-NOV-2022,2005.70
03-NOV-2022,FUTSTK,ESCORTS,01-DEC-2022,2023.05
03-NOV-2022,FUTSTK,ESCORTS,08-DEC-2022,2025.65
03-NOV-2022,FUTSTK,ESCORTS,15-DEC-2022,2028.15
03-NOV-2022,FUTSTK,ESCORTS,29-DEC-2022,1995.30
03-NOV-2022,FUTSTK,ESCORTS,25-JAN-2023,2042.90
03-NOV-2022,FUTSTK,EXIDEIND,03-NOV-2022,164.85
03-NOV-2022,FUTSTK,EXIDEIND,10-NOV-2022,165.05
03-NOV-2022,FUTSTK,EXIDEIND,17-NOV-2022,165.25
03-NOV-2022,FUTSTK,EXIDEIND,24-NOV-2022,165.85
03-NOV-2022,FUTSTK,EXIDEIND,01-DEC-2022,165.70
03-NOV-2022,FUTSTK,EXIDEIND,08-DEC-2022,165.90
03-NOV-2022,FUTSTK,EXIDEIND,15-DEC-2022,166.10
03-NOV-2022,FUTSTK,EXIDEIND,29-DEC-2022,166.65
03-NOV-2022,FUTSTK,EXIDEIND,25-JAN-2023,167.30
03-NOV-2022,FUTSTK,FEDERALBNK,03-NOV-2022,137.25
03-NOV-2022,FUTSTK,FEDERALBNK,10-NOV-2022,137.45
03-NOV-2022,FUTSTK,FEDERALBNK,17-NOV-2022,137.60
03-NOV-2022,FUTSTK,FEDERALBNK,24-NOV-2022,137.65
03-NOV-2022,FUTSTK,FEDERALBNK,01-DEC-2022,137.95
03-NOV-2022,FUTSTK,FEDERALBNK,08-DEC-2022,138.10
03-NOV-2022,FUTSTK,FEDERALBNK,15-DEC-2022,138.30
03-NOV-2022,FUTSTK,FEDERALBNK,29-DEC-2022,138.20
03-NOV-2022,FUTSTK,FEDERALBNK,25-JAN-2023,138.70
03-NOV-2022,FUTSTK,FSL,03-NOV-2022,103.65
03-NOV-2022,FUTSTK,FSL,10-NOV-2022,103.80
03-NOV-2022,FUTSTK,FSL,17-NOV-2022,103.90
03-NOV-2022,FUTSTK,FSL,24-NOV-2022,104.00
03-NOV-2022,FUTSTK,FSL,01-DEC-2022,104.20
03-NOV-2022,FUTSTK,FSL,08-DEC-2022,104.30
03-NOV-2022,FUTSTK,FSL,29-DEC-2022,104.00
03-NOV-2022,FUTSTK,FSL,25-JAN-2023,105.20
03-NOV-2022,FUTSTK,GAIL,03-NOV-2022,90.55
03-NOV-2022,FUTSTK,GAIL,10-NOV-2022,90.70
03-NOV-2022,FUTSTK,GAIL,17-NOV-2022,90.80
03-NOV-2022,FUTSTK,GAIL,24-NOV-2022,91.20
03-NOV-2022,FUTSTK,GAIL,01-DEC-2022,91.00
03-NOV-2022,FUTSTK,GAIL,08-DEC-2022,91.15
03-NOV-2022,FUTSTK,GAIL,15-DEC-2022,91.25
03-NOV-2022,FUTSTK,GAIL,29-DEC-2022,91.30
03-NOV-2022,FUTSTK,GAIL,25-JAN-2023,91.90
03-NOV-2022,FUTSTK,GLENMARK,03-NOV-2022,422.85
03-NOV-2022,FUTSTK,GLENMARK,10-NOV-2022,423.40
03-NOV-2022,FUTSTK,GLENMARK,17-NOV-2022,423.90
03-NOV-2022,FUTSTK,GLENMARK,24-NOV-2022,425.75
03-NOV-2022,FUTSTK,GLENMARK,01-DEC-2022,424.95
03-NOV-2022,FUTSTK,GLENMARK,08-DEC-2022,425.50
03-NOV-2022,FUTSTK,GLENMARK,15-DEC-2022,426.00
03-NOV-2022,FUTSTK,GLENMARK,29-DEC-2022,427.65
03-NOV-2022,FUTSTK,GLENMARK,25-JAN-2023,429.10
03-NOV-2022,FUTSTK,GMRINFRA,03-NOV-2022,37.45
03-NOV-2022,FUTSTK,GMRINFRA,10-NOV-2022,37.50
03-NOV-2022,FUTSTK,GMRINFRA,17-NOV-2022,37.55
03-NOV-2022,FUTSTK,GMRINFRA,24-NOV-2022,37.70
03-NOV-2022,FUTSTK,GMRINFRA,01-DEC-2022,37.65
03-NOV-2022,FUTSTK,GMRINFRA,08-DEC-2022,37.70
03-NOV-2022,FUTSTK,GMRINFRA,15-DEC-2022,37.75
03-NOV-2022,FUTSTK,GMRINFRA,29-DEC-2022,37.85
03-NOV-2022,FUTSTK,GMRINFRA,25-JAN-2023,38.00
03-NOV-2022,FUTSTK,GNFC,03-NOV-2022,704.05
03-NOV-2022,FUTSTK,GNFC,10-NOV-2022,704.95
03-NOV-2022,FUTSTK,GNFC,17-NOV-2022,705.80
03-NOV-2022,FUTSTK,GNFC,24-NOV-2022,708.65
03-NOV-2022,FUTSTK,GNFC,01-DEC-2022,707.50
03-NOV-2022,FUTSTK,GNFC,08-DEC-2022,708.45
03-NOV-2022,FUTSTK,GNFC,29-DEC-2022,711.50
03-NOV-2022,FUTSTK,GNFC,25-JAN-2023,715.50
03-NOV-2022,FUTSTK,GODREJCP,03-NOV-2022,831.75
03-NOV-2022,FUTSTK,GODREJCP,10-NOV-2022,832.80
03-NOV-2022,FUTSTK,GODREJCP,17-NOV-2022,833.80
03-NOV-2022,FUTSTK,GODREJCP,24-NOV-2022,836.15
03-NOV-2022,FUTSTK,GODREJCP,01-DEC-2022,835.85
03-NOV-2022,FUTSTK,GODREJCP,08-DEC-2022,836.95
03-NOV-2022,FUTSTK,GODREJCP,15-DEC-2022,837.95
03-NOV-2022,FUTSTK,GODREJCP,29-DEC-2022,840.05
03-NOV-2022,FUTSTK,GODREJCP,25-JAN-2023,844.05
03-NOV-2022,FUTSTK,GODREJPROP,03-NOV-2022,1250.35
03-NOV-2022,FUTSTK,GODREJPROP,10-NOV-2022,1251.90
03-NOV-2022,FUTSTK,GODREJPROP,17-NOV-2022,1253.45
03-NOV-2022,FUTSTK,GODREJPROP,24-NOV-2022,1255.65
03-NOV-2022,FUTSTK,GODREJPROP,01-DEC-2022,1256.50
03-NOV-2022,FUTSTK,GODREJPROP,08-DEC-2022,1258.15
03-NOV-2022,FUTSTK,GODREJPROP,29-DEC-2022,1260.75
03-NOV-2022,FUTSTK,GODREJPROP,25-JAN-2023,1269.00
03-NOV-2022,FUTSTK,GRANULES,03-NOV-2022,378.65
03-NOV-2022,FUTSTK,GRANULES,10-NOV-2022,379.15
03-NOV-2022,FUTSTK,GRANULES,17-NOV-2022,379.60
03-NOV-2022,FUTSTK,GRANULES,24-NOV-2022,380.15
03-NOV-2022,FUTSTK,GRANULES,01-DEC-2022,380.50
03-NOV-2022,FUTSTK,GRANULES,08-DEC-2022,381.00
03-NOV-2022,FUTSTK,GRANULES,29-DEC-2022,381.60
03-NOV-2022,FUTSTK,GRANULES,25-JAN-2023,384.25
03-NOV-2022,FUTSTK,GRASIM,03-NOV-2022,1745.65
03-NOV-2022,FUTSTK,GRASIM,10-NOV-2022,1747.80
03-NOV-2022,FUTSTK,GRASIM,17-NOV-2022,1749.95
03-NOV-2022,FUTSTK,GRASIM,24-NOV-2022,1756.70
03-NOV-2022,FUTSTK,GRASIM,01-DEC-2022,1754.20
03-NOV-2022,FUTSTK,GRASIM,08-DEC-2022,1756.50
03-NOV-2022,FUTSTK,GRASIM,15-DEC-2022,1758.65
03-NOV-2022,FUTSTK,GRASIM,29-DEC-2022,1763.05
03-NOV-2022,FUTSTK,GRASIM,25-JAN-2023,1771.45
03-NOV-2022,FUTSTK,GSPL,03-NOV-2022,225.35
03-NOV-2022,FUTSTK,GSPL,10-NOV-2022,225.65
03-NOV-2022,FUTSTK,GSPL,17-NOV-2022,225.90
03-NOV-2022,FUTSTK,GSPL,24-NOV-2022,227.05
03-NOV-2022,FUTSTK,GUJGASLTD,03-NOV-2022,516.60
03-NOV-2022,FUTSTK,GUJGASLTD,10-NOV-2022,517.25
03-NOV-2022,FUTSTK,GUJGASLTD,17-NOV-2022,517.90
03-NOV-2022,FUTSTK,GUJGASLTD,24-NOV-2022,517.85
03-NOV-2022,FUTSTK,GUJGASLTD,01-DEC-2022,519.15
03-NOV-2022,FUTSTK,GUJGASLTD,08-DEC-2022,519.85
03-NOV-2022,FUTSTK,GUJGASLTD,29-DEC-2022,513.75
03-NOV-2022,FUTSTK,GUJGASLTD,25-JAN-2023,524.25
03-NOV-2022,FUTSTK,HAL,03-NOV-2022,2545.15
03-NOV-2022,FUTSTK,HAL,10-NOV-2022,2548.30
03-NOV-2022,FUTSTK,HAL,17-NOV-2022,2551.40
03-NOV-2022,FUTSTK,HAL,24-NOV-2022,2555.10
03-NOV-2022,FUTSTK,HAL,01-DEC-2022,2557.65
03-NOV-2022,FUTSTK,HAL,08-DEC-2022,2560.95
03-NOV-2022,FUTSTK,HAL,29-DEC-2022,2560.95
03-NOV-2022,FUTSTK,HAL,25-JAN-2023,2574.25
03-NOV-2022,FUTSTK,HAVELLS,03-NOV-2022,1207.10
03-NOV-2022,FUTSTK,HAVELLS,10-NOV-2022,1208.60
03-NOV-2022,FUTSTK,HAVELLS,17-NOV-2022,1210.05
03-NOV-2022,FUTSTK,HAVELLS,24-NOV-2022,1210.75
03-NOV-2022,FUTSTK,HAVELLS,01-DEC-2022,1213.05
03-NOV-2022,FUTSTK,HAVELLS,08-DEC-2022,1214.60
03-NOV-2022,FUTSTK,HAVELLS,15-DEC-2022,1216.10
03-NOV-2022,FUTSTK,HAVELLS,29-DEC-2022,1215.10
03-NOV-2022,FUTSTK,HAVELLS,25-JAN-2023,1224.95
03-NOV-2022,FUTSTK,HCLTECH,03-NOV-2022,1045.15
03-NOV-2022,FUTSTK,HCLTECH,10-NOV-2022,1046.45
03-NOV-2022,FUTSTK,HCLTECH,17-NOV-2022,1047.75
03-NOV-2022,FUTSTK,HCLTECH,24-NOV-2022,1048.80
03-NOV-2022,FUTSTK,HCLTECH,01-DEC-2022,1050.30
03-NOV-2022,FUTSTK,HCLTECH,08-DEC-2022,1051.65
03-NOV-2022,FUTSTK,HCLTECH,15-DEC-2022,1052.95
03-NOV-2022,FUTSTK,HCLTECH,29-DEC-2022,1053.90
03-NOV-2022,FUTSTK,HCLTECH,25-JAN-2023,1060.60
03-NOV-2022,FUTSTK,HDFC,03-NOV-2022,2489.90
03-NOV-2022,FUTSTK,HDFC,10-NOV-2022,2492.95
03-NOV-2022,FUTSTK,HDFC,17-NOV-2022,2496.00
03-NOV-2022,FUTSTK,HDFC,24-NOV-2022,2504.55
03-NOV-2022,FUTSTK,HDFC,01-DEC-2022,2502.10
03-NOV-2022,FUTSTK,HDFC,08-DEC-2022,2505.35
03-NOV-2022,FUTSTK,HDFC,15-DEC-2022,2508.45
03-NOV-2022,FUTSTK,HDFC,29-DEC-2022,2519.05
03-NOV-2022,FUTSTK,HDFC,25-JAN-2023,2526.70
03-NOV-2022,FUTSTK,HDFCAMC,03-NOV-2022,2098.20
03-NOV-2022,FUTSTK,HDFCAMC,10-NOV-2022,2100.80
03-NOV-2022,FUTSTK,HDFCAMC,17-NOV-2022,2103.35
03-NOV-2022,FUTSTK,HDFCAMC,24-NOV-2022,2099.50
03-NOV-2022,FUTSTK,HDFCAMC,01-DEC-2022,2108.50
03-NOV-2022,FUTSTK,HDFCAMC,08-DEC-2022,2111.25
03-NOV-2022,FUTSTK,HDFCAMC,29-DEC-2022,2094.20
03-NOV-2022,FUTSTK,HDFCAMC,25-JAN-2023,2129.20
03-NOV-2022,FUTSTK,HDFCBANK,03-NOV-2022,1507.60
03-NOV-2022,FUTSTK,HDFCBANK,10-NOV-2022,1509.45
03-NOV-2022,FUTSTK,HDFCBANK,17-NOV-2022,1511.30
03-NOV-2022,FUTSTK,HDFCBANK,24-NOV-2022,1515.40
03-NOV-2022,FUTSTK,HDFCBANK,01-DEC-2022,1515.00
03-NOV-2022,FUTSTK,HDFCBANK,08-DEC-2022,1516.95
03-NOV-2022,FUTSTK,HDFCBANK,15-DEC-2022,1518.85
03-NOV-2022,FUTSTK,HDFCBANK,29-DEC-2022,1523.15
03-NOV-2022,FUTSTK,HDFCBANK,25-JAN-2023,1529.60
03-NOV-2022,FUTSTK,HDFCLIFE,03-NOV-2022,545.40
03-NOV-2022,FUTSTK,HDFCLIFE,10-NOV-2022,546.10
03-NOV-2022,FUTSTK,HDFCLIFE,17-NOV-2022,546.75
03-NOV-2022,FUTSTK,HDFCLIFE,24-NOV-2022,547.70
03-NOV-2022,FUTSTK,HDFCLIFE,01-DEC-2022,548.10
03-NOV-2022,FUTSTK,HDFCLIFE,08-DEC-2022,548.80
03-NOV-2022,FUTSTK,HDFCLIFE,29-DEC-2022,550.75
03-NOV-2022,FUTSTK,HDFCLIFE,25-JAN-2023,553.50
03-NOV-2022,FUTSTK,HEROMOTOCO,03-NOV-2022,2646.35
03-NOV-2022,FUTSTK,HEROMOTOCO,10-NOV-2022,2649.60
03-NOV-2022,FUTSTK,HEROMOTOCO,17-NOV-2022,2652.85
03-NOV-2022,FUTSTK,HEROMOTOCO,24-NOV-2022,2651.25
03-NOV-2022,FUTSTK,HEROMOTOCO,01-DEC-2022,2659.35
03-NOV-2022,FUTSTK,HEROMOTOCO,08-DEC-2022,2662.80
03-NOV-2022,FUTSTK,HEROMOTOCO,15-DEC-2022,2666.10
03-NOV-2022,FUTSTK,HEROMOTOCO,29-DEC-2022,2651.45
03-NOV-2022,FUTSTK,HEROMOTOCO,25-JAN-2023,2655.00
03-NOV-2022,FUTSTK,HINDALCO,03-NOV-2022,410.35
03-NOV-2022,FUTSTK,HINDALCO,10-NOV-2022,410.85
03-NOV-2022,FUTSTK,HINDALCO,17-NOV-2022,411.35
03-NOV-2022,FUTSTK,HINDALCO,24-NOV-2022,412.10
03-NOV-2022,FUTSTK,HINDALCO,01-DEC-2022,412.40
03-NOV-2022,FUTSTK,HINDALCO,08-DEC-2022,412.90
03-NOV-2022,FUTSTK,HINDALCO,15-DEC-2022,413.45
03-NOV-2022,FUTSTK,HINDALCO,29-DEC-2022,414.25
03-NOV-2022,FUTSTK,HINDALCO,25-JAN-2023,416.85
03-NOV-2022,FUTSTK,HINDCOPPER,03-NOV-2022,104.90
03-NOV-2022,FUTSTK,HINDCOPPER,10-NOV-2022,105.05
03-NOV-2022,FUTSTK,HINDCOPPER,17-NOV-2022,105.20
03-NOV-2022,FUTSTK,HINDCOPPER,24-NOV-2022,105.20
03-NOV-2022,FUTSTK,HINDCOPPER,01-DEC-2022,105.45
03-NOV-2022,FUTSTK,HINDCOPPER,08-DEC-2022,105.55
03-NOV-2022,FUTSTK,HINDCOPPER,29-DEC-2022,105.70
03-NOV-2022,FUTSTK,HINDCOPPER,25-JAN-2023,106.45
03-NOV-2022,FUTSTK,HINDPETRO,03-NOV-2022,211.05
03-NOV-2022,FUTSTK,HINDPETRO,10-NOV-2022,211.35
03-NOV-2022,FUTSTK,HINDPETRO,17-NOV-2022,211.60
03-NOV-2022,FUTSTK,HINDPETRO,24-NOV-2022,211.80
03-NOV-2022,FUTSTK,HINDPETRO,01-DEC-2022,212.10
03-NOV-2022,FUTSTK,HINDPETRO,08-DEC-2022,212.40
03-NOV-2022,FUTSTK,HINDPETRO,15-DEC-2022,212.65
03-NOV-2022,FUTSTK,HINDPETRO,29-DEC-2022,212.65
03-NOV-2022,FUTSTK,HINDPETRO,25-JAN-2023,213.80
03-NOV-2022,FUTSTK,HINDUNILVR,03-NOV-2022,2546.35
03-NOV-2022,FUTSTK,HINDUNILVR,10-NOV-2022,2549.50
03-NOV-2022,FUTSTK,HINDUNILVR,17-NOV-2022,2552.60
03-NOV-2022,FUTSTK,HINDUNILVR,24-NOV-2022,2555.35
03-NOV-2022,FUTSTK,HINDUNILVR,01-DEC-2022,2558.85
03-NOV-2022,FUTSTK,HINDUNILVR,08-DEC-2022,2562.15
03-NOV-2022,FUTSTK,HINDUNILVR,15-DEC-2022,2565.35
03-NOV-2022,FUTSTK,HINDUNILVR,29-DEC-2022,2568.15
03-NOV-2022,FUTSTK,HINDUNILVR,25-JAN-2023,2579.80
03-NOV-2022,FUTSTK,HONAUT,03-NOV-2022,40283.45
03-NOV-2022,FUTSTK,HONAUT,10-NOV-2022,40332.70
03-NOV-2022,FUTSTK,HONAUT,17-NOV-2022,40382.00
03-NOV-2022,FUTSTK,HONAUT,24-NOV-2022,40520.60
03-NOV-2022,FUTSTK,HONAUT,01-DEC-2022,40480.80
03-NOV-2022,FUTSTK,HONAUT,08-DEC-2022,40533.40
03-NOV-2022,FUTSTK,HONAUT,29-DEC-2022,40684.10
03-NOV-2022,FUTSTK,HONAUT,25-JAN-2023,40878.65
03-NOV-2022,FUTSTK,IBULHSGFIN,03-NOV-2022,127.55
03-NOV-2022,FUTSTK,IBULHSGFIN,10-NOV-2022,127.75
03-NOV-2022,FUTSTK,IBULHSGFIN,17-NOV-2022,127.90
03-NOV-2022,FUTSTK,IBULHSGFIN,24-NOV-2022,128.45
03-NOV-2022,FUTSTK,IBULHSGFIN,01-DEC-2022,128.20
03-NOV-2022,FUTSTK,IBULHSGFIN,08-DEC-2022,128.35
03-NOV-2022,FUTSTK,IBULHSGFIN,15-DEC-2022,128.50
03-NOV-2022,FUTSTK,IBULHSGFIN,29-DEC-2022,129.10
03-NOV-2022,FUTSTK,IBULHSGFIN,25-JAN-2023,129.25
03-NOV-2022,FUTSTK,ICICIBANK,03-NOV-2022,908.65
03-NOV-2022,FUTSTK,ICICIBANK,10-NOV-2022,909.80
03-NOV-2022,FUTSTK,ICICIBANK,17-NOV-2022,910.90
03-NOV-2022,FUTSTK,ICICIBANK,24-NOV-2022,914.55
03-NOV-2022,FUTSTK,ICICIBANK,01-DEC-2022,913.10
03-NOV-2022,FUTSTK,ICICIBANK,08-DEC-2022,914.30
03-NOV-2022,FUTSTK,ICICIBANK,15-DEC-2022,915.45
03-NOV-2022,FUTSTK,ICICIBANK,29-DEC-2022,919.50
03-NOV-2022,FUTSTK,ICICIBANK,25-JAN-2023,923.25
03-NOV-2022,FUTSTK,ICICIGI,03-NOV-2022,1165.20
03-NOV-2022,FUTSTK,ICICIGI,10-NOV-2022,1166.65
03-NOV-2022,FUTSTK,ICICIGI,17-NOV-2022,1168.05
03-NOV-2022,FUTSTK,ICICIGI,24-NOV-2022,1171.00
03-NOV-2022,FUTSTK,ICICIGI,01-DEC-2022,1170.95
03-NOV-2022,FUTSTK,ICICIGI,08-DEC-2022,1172.45
03-NOV-2022,FUTSTK,ICICIGI,29-DEC-2022,1177.95
03-NOV-2022,FUTSTK,ICICIGI,25-JAN-2023,1182.45
03-NOV-2022,FUTSTK,ICICIPRULI,03-NOV-2022,519.15
03-NOV-2022,FUTSTK,ICICIPRULI,10-NOV-2022,519.80
03-NOV-2022,FUTSTK,ICICIPRULI,17-NOV-2022,520.45
03-NOV-2022,FUTSTK,ICICIPRULI,24-NOV-2022,521.65
03-NOV-2022,FUTSTK,ICICIPRULI,01-DEC-2022,521.70
03-NOV-2022,FUTSTK,ICICIPRULI,08-DEC-2022,522.40
03-NOV-2022,FUTSTK,ICICIPRULI,15-DEC-2022,523.05
03-NOV-2022,FUTSTK,ICICIPRULI,29-DEC-2022,524.35
03-NOV-2022,FUTSTK,ICICIPRULI,25-JAN-2023,526.85
03-NOV-2022,FUTSTK,IDEA,03-NOV-2022,8.55
03-NOV-2022,FUTSTK,IDEA,10-NOV-2022,8.60
03-NOV-2022,FUTSTK,IDEA,17-NOV-2022,8.60
03-NOV-2022,FUTSTK,IDEA,24-NOV-2022,8.65
03-NOV-2022,FUTSTK,IDEA,01-DEC-2022,8.60
03-NOV-2022,FUTSTK,IDEA,08-DEC-2022,8.60
03-NOV-2022,FUTSTK,IDEA,15-DEC-2022,8.65
03-NOV-2022,FUTSTK,IDEA,29-DEC-2022,8.70
03-NOV-2022,FUTSTK,IDEA,25-JAN-2023,8.80
03-NOV-2022,FUTSTK,IDFC,03-NOV-2022,78.10
03-NOV-2022,FUTSTK,IDFC,10-NOV-2022,78.20
03-NOV-2022,FUTSTK,IDFC,17-NOV-2022,78.30
03-NOV-2022,FUTSTK,IDFC,24-NOV-2022,78.65
03-NOV-2022,FUTSTK,IDFC,01-DEC-2022,78.50
03-NOV-2022,FUTSTK,IDFC,08-DEC-2022,78.60
03-NOV-2022,FUTSTK,IDFC,29-DEC-2022,79.00
03-NOV-2022,FUTSTK,IDFC,25-JAN-2023,79.25
03-NOV-2022,FUTSTK,IDFCFIRSTB,03-NOV-2022,57.20
03-NOV-2022,FUTSTK,IDFCFIRSTB,10-NOV-2022,57.30
03-NOV-2022,FUTSTK,IDFCFIRSTB,17-NOV-2022,57.35
03-NOV-2022,FUTSTK,IDFCFIRSTB,24-NOV-2022,57.30
03-NOV-2022,FUTSTK,IDFCFIRSTB,01-DEC-2022,57.50
03-NOV-2022,FUTSTK,IDFCFIRSTB,08-DEC-2022,57.55
03-NOV-2022,FUTSTK,IDFCFIRSTB,15-DEC-2022,57.65
03-NOV-2022,FUTSTK,IDFCFIRSTB,29-DEC-2022,57.55
03-NOV-2022,FUTSTK,IDFCFIRSTB,25-JAN-2023,57.90
03-NOV-2022,FUTSTK,IEX,03-NOV-2022,143.95
03-NOV-2022,FUTSTK,IEX,10-NOV-2022,144.15
03-NOV-2022,FUTSTK,IEX,17-NOV-2022,144.30
03-NOV-2022,FUTSTK,IEX,24-NOV-2022,144.50
03-NOV-2022,FUTSTK,IEX,01-DEC-2022,144.70
03-NOV-2022,FUTSTK,IEX,08-DEC-2022,144.85
03-NOV-2022,FUTSTK,IEX,29-DEC-2022,145.10
03-NOV-2022,FUTSTK,IEX,25-JAN-2023,145.60
03-NOV-2022,FUTSTK,IGL,03-NOV-2022,419.65
03-NOV-2022,FUTSTK,IGL,10-NOV-2022,420.20
03-NOV-2022,FUTSTK,IGL,17-NOV-2022,420.70
03-NOV-2022,FUTSTK,IGL,24-NOV-2022,422.35
03-NOV-2022,FUTSTK,IGL,01-DEC-2022,421.75
03-NOV-2022,FUTSTK,IGL,08-DEC-2022,422.25
03-NOV-2022,FUTSTK,IGL,15-DEC-2022,422.80
03-NOV-2022,FUTSTK,IGL,29-DEC-2022,423.80
03-NOV-2022,FUTSTK,IGL,25-JAN-2023,425.00
03-NOV-2022,FUTSTK,INDHOTEL,03-NOV-2022,339.95
03-NOV-2022,FUTSTK,INDHOTEL,10-NOV-2022,340.40
03-NOV-2022,FUTSTK,INDHOTEL,17-NOV-2022,340.80
03-NOV-2022,FUTSTK,INDHOTEL,24-NOV-2022,342.20
03-NOV-2022,FUTSTK,INDHOTEL,01-DEC-2022,341.65
03-NOV-2022,FUTSTK,INDHOTEL,08-DEC-2022,342.10
03-NOV-2022,FUTSTK,INDHOTEL,29-DEC-2022,343.20
03-NOV-2022,FUTSTK,INDHOTEL,25-JAN-2023,345.00
03-NOV-2022,FUTSTK,INDIACEM,03-NOV-2022,244.25
03-NOV-2022,FUTSTK,INDIACEM,10-NOV-2022,244.55
03-NOV-2022,FUTSTK,INDIACEM,17-NOV-2022,244.85
03-NOV-2022,FUTSTK,INDIACEM,24-NOV-2022,245.35
03-NOV-2022,FUTSTK,INDIACEM,01-DEC-2022,245.45
03-NOV-2022,FUTSTK,INDIACEM,08-DEC-2022,245.80
03-NOV-2022,FUTSTK,INDIACEM,29-DEC-2022,246.40
03-NOV-2022,FUTSTK,INDIACEM,25-JAN-2023,247.90
03-NOV-2022,FUTSTK,INDIAMART,03-NOV-2022,4717.80
03-NOV-2022,FUTSTK,INDIAMART,10-NOV-2022,4723.60
03-NOV-2022,FUTSTK,INDIAMART,17-NOV-2022,4729.35
03-NOV-2022,FUTSTK,INDIAMART,24-NOV-2022,4709.75
03-NOV-2022,FUTSTK,INDIAMART,01-DEC-2022,4740.95
03-NOV-2022,FUTSTK,INDIAMART,08-DEC-2022,4747.10
03-NOV-2022,FUTSTK,INDIAMART,29-DEC-2022,4637.85
03-NOV-2022,FUTSTK,INDIAMART,25-JAN-2023,4583.80
03-NOV-2022,FUTSTK,INDIGO,03-NOV-2022,1803.20
03-NOV-2022,FUTSTK,INDIGO,10-NOV-2022,1805.40
03-NOV-2022,FUTSTK,INDIGO,17-NOV-2022,1807.65
03-NOV-2022,FUTSTK,INDIGO,24-NOV-2022,1812.40
03-NOV-2022,FUTSTK,INDIGO,01-DEC-2022,1812.05
03-NOV-2022,FUTSTK,INDIGO,08-DEC-2022,1814.40
03-NOV-2022,FUTSTK,INDIGO,15-DEC-2022,1816.65
03-NOV-2022,FUTSTK,INDIGO,29-DEC-2022,1820.85
03-NOV-2022,FUTSTK,INDIGO,25-JAN-2023,1829.85
03-NOV-2022,FUTSTK,INDUSINDBK,03-NOV-2022,1148.00
03-NOV-2022,FUTSTK,INDUSINDBK,10-NOV-2022,1149.40
03-NOV-2022,FUTSTK,INDUSINDBK,17-NOV-2022,1150.85
03-NOV-2022,FUTSTK,INDUSINDBK,24-NOV-2022,1155.30
03-NOV-2022,FUTSTK,INDUSINDBK,01-DEC-2022,1153.65
03-NOV-2022,FUTSTK,INDUSINDBK,08-DEC-2022,1155.15
03-NOV-2022,FUTSTK,INDUSINDBK,15-DEC-2022,1156.55
03-NOV-2022,FUTSTK,INDUSINDBK,29-DEC-2022,1161.05
03-NOV-2022,FUTSTK,INDUSINDBK,25-JAN-2023,1166.25
03-NOV-2022,FUTSTK,INDUSTOWER,03-NOV-2022,187.80
03-NOV-2022,FUTSTK,INDUSTOWER,10-NOV-2022,188.05
03-NOV-2022,FUTSTK,INDUSTOWER,17-NOV-2022,188.30
03-NOV-2022,FUTSTK,INDUSTOWER,24-NOV-2022,188.75
03-NOV-2022,FUTSTK,INDUSTOWER,01-DEC-2022,188.75
03-NOV-2022,FUTSTK,INDUSTOWER,08-DEC-2022,189.00
03-NOV-2022,FUTSTK,INDUSTOWER,15-DEC-2022,189.20
03-NOV-2022,FUTSTK,INDUSTOWER,29-DEC-2022,188.85
03-NOV-2022,FUTSTK,INDUSTOWER,25-JAN-2023,189.20
03-NOV-2022,FUTSTK,INFY,03-NOV-2022,1530.75
03-NOV-2022,FUTSTK,INFY,10-NOV-2022,1532.65
03-NOV-2022,FUTSTK,INFY,17-NOV-2022,1534.50
03-NOV-2022,FUTSTK,INFY,24-NOV-2022,1535.95
03-NOV-2022,FUTSTK,INFY,01-DEC-2022,1538.25
03-NOV-2022,FUTSTK,INFY,08-DEC-2022,1540.25
03-NOV-2022,FUTSTK,INFY,15-DEC-2022,1542.15
03-NOV-2022,FUTSTK,INFY,29-DEC-2022,1543.45
03-NOV-2022,FUTSTK,INFY,25-JAN-2023,1550.25
03-NOV-2022,FUTSTK,INTELLECT,03-NOV-2022,416.30
03-NOV-2022,FUTSTK,INTELLECT,10-NOV-2022,416.85
03-NOV-2022,FUTSTK,INTELLECT,17-NOV-2022,417.35
03-NOV-2022,FUTSTK,INTELLECT,24-NOV-2022,419.30
03-NOV-2022,FUTSTK,INTELLECT,01-DEC-2022,418.35
03-NOV-2022,FUTSTK,INTELLECT,08-DEC-2022,418.90
03-NOV-2022,FUTSTK,INTELLECT,29-DEC-2022,420.80
03-NOV-2022,FUTSTK,INTELLECT,25-JAN-2023,422.45
03-NOV-2022,FUTSTK,IOC,03-NOV-2022,68.70
03-NOV-2022,FUTSTK,IOC,10-NOV-2022,68.80
03-NOV-2022,FUTSTK,IOC,17-NOV-2022,68.90
03-NOV-2022,FUTSTK,IOC,24-NOV-2022,69.20
03-NOV-2022,FUTSTK,IOC,01-DEC-2022,69.05
03-NOV-2022,FUTSTK,IOC,08-DEC-2022,69.15
03-NOV-2022,FUTSTK,IOC,15-DEC-2022,69.25
03-NOV-2022,FUTSTK,IOC,29-DEC-2022,69.50
03-NOV-2022,FUTSTK,IOC,25-JAN-2023,69.75
03-NOV-2022,FUTSTK,IPCALAB,03-NOV-2022,908.45
03-NOV-2022,FUTSTK,IPCALAB,10-NOV-2022,909.60
03-NOV-2022,FUTSTK,IPCALAB,17-NOV-2022,910.70
03-NOV-2022,FUTSTK,IPCALAB,24-NOV-2022,912.25
03-NOV-2022,FUTSTK,IPCALAB,01-DEC-2022,912.90
03-NOV-2022,FUTSTK,IPCALAB,08-DEC-2022,914.10
03-NOV-2022,FUTSTK,IPCALAB,29-DEC-2022,909.00
03-NOV-2022,FUTSTK,IPCALAB,25-JAN-2023,921.90
03-NOV-2022,FUTSTK,IRCTC,03-NOV-2022,751.40
03-NOV-2022,FUTSTK,IRCTC,10-NOV-2022,752.35
03-NOV-2022,FUTSTK,IRCTC,17-NOV-2022,753.25
03-NOV-2022,FUTSTK,IRCTC,24-NOV-2022,749.15
03-NOV-2022,FUTSTK,IRCTC,01-DEC-2022,755.10
03-NOV-2022,FUTSTK,IRCTC,08-DEC-2022,756.10
03-NOV-2022,FUTSTK,IRCTC,29-DEC-2022,739.00
03-NOV-2022,FUTSTK,IRCTC,25-JAN-2023,731.25
03-NOV-2022,FUTSTK,ITC,03-NOV-2022,353.70
03-NOV-2022,FUTSTK,ITC,10-NOV-2022,354.15
03-NOV-2022,FUTSTK,ITC,17-NOV-2022,354.60
03-NOV-2022,FUTSTK,ITC,24-NOV-2022,355.35
03-NOV-2022,FUTSTK,ITC,01-DEC-2022,355.45
03-NOV-2022,FUTSTK,ITC,08-DEC-2022,355.90
03-NOV-2022,FUTSTK,ITC,15-DEC-2022,356.35
03-NOV-2022,FUTSTK,ITC,29-DEC-2022,357.25
03-NOV-2022,FUTSTK,ITC,25-JAN-2023,358.80
03-NOV-2022,FUTSTK,JINDALSTEL,03-NOV-2022,468.85
03-NOV-2022,FUTSTK,JINDALSTEL,10-NOV-2022,469.45
03-NOV-2022,FUTSTK,JINDALSTEL,17-NOV-2022,470.00
03-NOV-2022,FUTSTK,JINDALSTEL,24-NOV-2022,471.85
03-NOV-2022,FUTSTK,JINDALSTEL,01-DEC-2022,471.15
03-NOV-2022,FUTSTK,JINDALSTEL,08-DEC-2022,471.80
03-NOV-2022,FUTSTK,JINDALSTEL,15-DEC-2022,472.35
03-NOV-2022,FUTSTK,JINDALSTEL,29-DEC-2022,474.00
03-NOV-2022,FUTSTK,JINDALSTEL,25-JAN-2023,475.90
03-NOV-2022,FUTSTK,JKCEMENT,03-NOV-2022,2808.15
03-NOV-2022,FUTSTK,JKCEMENT,10-NOV-2022,2811.60
03-NOV-2022,FUTSTK,JKCEMENT,17-NOV-2022,2815.05
03-NOV-2022,FUTSTK,JKCEMENT,24-NOV-2022,2820.20
03-NOV-2022,FUTSTK,JKCEMENT,01-DEC-2022,2821.95
03-NOV-2022,FUTSTK,JKCEMENT,08-DEC-2022,2825.60
03-NOV-2022,FUTSTK,JKCEMENT,29-DEC-2022,2808.45
03-NOV-2022,FUTSTK,JKCEMENT,25-JAN-2023,2849.65
03-NOV-2022,FUTSTK,JSWSTEEL,03-NOV-2022,680.20
03-NOV-2022,FUTSTK,JSWSTEEL,10-NOV-2022,681.05
03-NOV-2022,FUTSTK,JSWSTEEL,17-NOV-2022,681.90
03-NOV-2022,FUTSTK,JSWSTEEL,24-NOV-2022,684.70
03-NOV-2022,FUTSTK,JSWSTEEL,01-DEC-2022,683.55
03-NOV-2022,FUTSTK,JSWSTEEL,08-DEC-2022,684.45
03-NOV-2022,FUTSTK,JSWSTEEL,15-DEC-2022,685.30
03-NOV-2022,FUTSTK,JSWSTEEL,29-DEC-2022,687.85
03-NOV-2022,FUTSTK,JSWSTEEL,25-JAN-2023,690.25
03-NOV-2022,FUTSTK,JUBLFOOD,03-NOV-2022,608.40
03-NOV-2022,FUTSTK,JUBLFOOD,10-NOV-2022,609.15
03-NOV-2022,FUTSTK,JUBLFOOD,17-NOV-2022,609.90
03-NOV-2022,FUTSTK,JUBLFOOD,24-NOV-2022,612.45
03-NOV-2022,FUTSTK,JUBLFOOD,01-DEC-2022,611.40
03-NOV-2022,FUTSTK,JUBLFOOD,08-DEC-2022,612.20
03-NOV-2022,FUTSTK,JUBLFOOD,15-DEC-2022,612.95
03-NOV-2022,FUTSTK,JUBLFOOD,29-DEC-2022,612.70
03-NOV-2022,FUTSTK,JUBLFOOD,25-JAN-2023,613.00
03-NOV-2022,FUTSTK,KOTAKBANK,03-NOV-2022,1900.15
03-NOV-2022,FUTSTK,KOTAKBANK,10-NOV-2022,1902.50
03-NOV-2022,FUTSTK,KOTAKBANK,17-NOV-2022,1904.80
03-NOV-2022,FUTSTK,KOTAKBANK,24-NOV-2022,1909.45
03-NOV-2022,FUTSTK,KOTAKBANK,01-DEC-2022,1909.50
03-NOV-2022,FUTSTK,KOTAKBANK,08-DEC-2022,1911.95
03-NOV-2022,FUTSTK,KOTAKBANK,15-DEC-2022,1914.35
03-NOV-2022,FUTSTK,KOTAKBANK,29-DEC-2022,1918.50
03-NOV-2022,FUTSTK,KOTAKBANK,25-JAN-2023,1928.25
03-NOV-2022,FUTSTK,L&TFH,03-NOV-2022,82.35
03-NOV-2022,FUTSTK,L&TFH,10-NOV-2022,82.45
03-NOV-2022,FUTSTK,L&TFH,17-NOV-2022,82.55
03-NOV-2022,FUTSTK,L&TFH,24-NOV-2022,82.90
03-NOV-2022,FUTSTK,L&TFH,01-DEC-2022,82.75
03-NOV-2022,FUTSTK,L&TFH,08-DEC-2022,82.90
03-NOV-2022,FUTSTK,L&TFH,15-DEC-2022,83.00
03-NOV-2022,FUTSTK,L&TFH,29-DEC-2022,83.15
03-NOV-2022,FUTSTK,L&TFH,25-JAN-2023,83.55
03-NOV-2022,FUTSTK,LALPATHLAB,03-NOV-2022,2616.95
03-NOV-2022,FUTSTK,LALPATHLAB,10-NOV-2022,2620.15
03-NOV-2022,FUTSTK,LALPATHLAB,17-NOV-2022,2623.35
03-NOV-2022,FUTSTK,LALPATHLAB,24-NOV-2022,2600.60
03-NOV-2022,FUTSTK,LALPATHLAB,01-DEC-2022,2629.80
03-NOV-2022,FUTSTK,LALPATHLAB,08-DEC-2022,2633.20
03-NOV-2022,FUTSTK,LALPATHLAB,29-DEC-2022,2521.00
03-NOV-2022,FUTSTK,LALPATHLAB,25-JAN-2023,2468.90
03-NOV-2022,FUTSTK,LAURUSLABS,03-NOV-2022,477.95
03-NOV-2022,FUTSTK,LAURUSLABS,10-NOV-2022,478.55
03-NOV-2022,FUTSTK,LAURUSLABS,17-NOV-2022,479.15
03-NOV-2022,FUTSTK,LAURUSLABS,24-NOV-2022,479.70
03-NOV-2022,FUTSTK,LAURUSLABS,01-DEC-2022,480.30
03-NOV-2022,FUTSTK,LAURUSLABS,08-DEC-2022,480.95
03-NOV-2022,FUTSTK,LAURUSLABS,29-DEC-2022,481.70
03-NOV-2022,FUTSTK,LAURUSLABS,25-JAN-2023,485.05
03-NOV-2022,FUTSTK,LICHSGFIN,03-NOV-2022,369.90
03-NOV-2022,FUTSTK,LICHSGFIN,10-NOV-2022,370.35
03-NOV-2022,FUTSTK,LICHSGFIN,17-NOV-2022,370.80
03-NOV-2022,FUTSTK,LICHSGFIN,24-NOV-2022,361.90
03-NOV-2022,FUTSTK,LICHSGFIN,01-DEC-2022,371.75
03-NOV-2022,FUTSTK,LICHSGFIN,08-DEC-2022,372.20
03-NOV-2022,FUTSTK,LICHSGFIN,15-DEC-2022,372.70
03-NOV-2022,FUTSTK,LICHSGFIN,29-DEC-2022,361.80
03-NOV-2022,FUTSTK,LICHSGFIN,25-JAN-2023,375.40
03-NOV-2022,FUTSTK,LT,03-NOV-2022,2008.65
03-NOV-2022,FUTSTK,LT,10-NOV-2022,2011.15
03-NOV-2022,FUTSTK,LT,17-NOV-2022,2013.60
03-NOV-2022,FUTSTK,LT,24-NOV-2022,2015.15
03-NOV-2022,FUTSTK,LT,01-DEC-2022,2018.50
03-NOV-2022,FUTSTK,LT,08-DEC-2022,2021.15
03-NOV-2022,FUTSTK,LT,15-DEC-2022,2023.65
03-NOV-2022,FUTSTK,LT,29-DEC-2022,2024.85
03-NOV-2022,FUTSTK,LT,25-JAN-2023,2032.20
03-NOV-2022,FUTSTK,LTI,03-NOV-2022,4839.00
03-NOV-2022,FUTSTK,LTI,10-NOV-2022,4844.95
03-NOV-2022,FUTSTK,LTI,17-NOV-2022,4850.85
03-NOV-2022,FUTSTK,LTI,24-NOV-2022,4855.65
03-NOV-2022,FUTSTK,LTI,01-DEC-2022,4862.70
03-NOV-2022,FUTSTK,LTI,08-DEC-2022,4869.05
03-NOV-2022,FUTSTK,LTI,29-DEC-2022,4860.15
03-NOV-2022,FUTSTK,LTI,25-JAN-2023,4910.50
03-NOV-2022,FUTSTK,LTTS,03-NOV-2022,3624.00
03-NOV-2022,FUTSTK,LTTS,10-NOV-2022,3628.45
03-NOV-2022,FUTSTK,LTTS,17-NOV-2022,3632.90
03-NOV-2022,FUTSTK,LTTS,24-NOV-2022,3609.25
03-NOV-2022,FUTSTK,LTTS,01-DEC-2022,3641.75
03-NOV-2022,FUTSTK,LTTS,08-DEC-2022,3646.50
03-NOV-2022,FUTSTK,LTTS,29-DEC-2022,3579.70
03-NOV-2022,FUTSTK,LTTS,25-JAN-2023,3561.35
03-NOV-2022,FUTSTK,LUPIN,03-NOV-2022,712.15
03-NOV-2022,FUTSTK,LUPIN,10-NOV-2022,713.05
03-NOV-2022,FUTSTK,LUPIN,17-NOV-2022,713.90
03-NOV-2022,FUTSTK,LUPIN,24-NOV-2022,716.90
03-NOV-2022,FUTSTK,LUPIN,01-DEC-2022,715.65
03-NOV-2022,FUTSTK,LUPIN,08-DEC-2022,716.60
03-NOV-2022,FUTSTK,LUPIN,15-DEC-2022,717.50
03-NOV-2022,FUTSTK,LUPIN,29-DEC-2022,720.20
03-NOV-2022,FUTSTK,LUPIN,25-JAN-2023,722.70
03-NOV-2022,FUTSTK,M&M,03-NOV-2022,1335.40
03-NOV-2022,FUTSTK,M&M,10-NOV-2022,1337.05
03-NOV-2022,FUTSTK,M&M,17-NOV-2022,1338.70
03-NOV-2022,FUTSTK,M&M,24-NOV-2022,1341.20
03-NOV-2022,FUTSTK,M&M,01-DEC-2022,1341.95
03-NOV-2022,FUTSTK,M&M,08-DEC-2022,1343.70
03-NOV-2022,FUTSTK,M&M,15-DEC-2022,1345.35
03-NOV-2022,FUTSTK,M&M,29-DEC-2022,1348.30
03-NOV-2022,FUTSTK,M&M,25-JAN-2023,1351.50
03-NOV-2022,FUTSTK,M&MFIN,03-NOV-2022,219.90
03-NOV-2022,FUTSTK,M&MFIN,10-NOV-2022,220.20
03-NOV-2022,FUTSTK,M&MFIN,17-NOV-2022,220.45
03-NOV-2022,FUTSTK,M&MFIN,24-NOV-2022,219.30
03-NOV-2022,FUTSTK,M&MFIN,01-DEC-2022,221.00
03-NOV-2022,FUTSTK,M&MFIN,08-DEC-2022,221.30
03-NOV-2022,FUTSTK,M&MFIN,15-DEC-2022,221.55
03-NOV-2022,FUTSTK,M&MFIN,29-DEC-2022,216.85
03-NOV-2022,FUTSTK,M&MFIN,25-JAN-2023,215.35
03-NOV-2022,FUTSTK,MANAPPURAM,03-NOV-2022,105.35
03-NOV-2022,FUTSTK,MANAPPURAM,10-NOV-2022,105.50
03-NOV-2022,FUTSTK,MANAPPURAM,17-NOV-2022,105.65
03-NOV-2022,FUTSTK,MANAPPURAM,24-NOV-2022,105.50
03-NOV-2022,FUTSTK,MANAPPURAM,01-DEC-2022,105.90
03-NOV-2022,FUTSTK,MANAPPURAM,08-DEC-2022,106.00
03-NOV-2022,FUTSTK,MANAPPURAM,15-DEC-2022,106.15
03-NOV-2022,FUTSTK,MANAPPURAM,29-DEC-2022,106.00
03-NOV-2022,FUTSTK,MANAPPURAM,25-JAN-2023,106.40
03-NOV-2022,FUTSTK,MARICO,03-NOV-2022,539.65
03-NOV-2022,FUTSTK,MARICO,10-NOV-2022,540.35
03-NOV-2022,FUTSTK,MARICO,17-NOV-2022,541.00
03-NOV-2022,FUTSTK,MARICO,24-NOV-2022,540.95
03-NOV-2022,FUTSTK,MARICO,01-DEC-2022,542.30
03-NOV-2022,FUTSTK,MARICO,08-DEC-2022,543.00
03-NOV-2022,FUTSTK,MARICO,15-DEC-2022,543.70
03-NOV-2022,FUTSTK,MARICO,29-DEC-2022,541.05
03-NOV-2022,FUTSTK,MARICO,25-JAN-2023,547.65
03-NOV-2022,FUTSTK,MARUTI,03-NOV-2022,9238.80
03-NOV-2022,FUTSTK,MARUTI,10-NOV-2022,9250.10
03-NOV-2022,FUTSTK,MARUTI,17-NOV-2022,9261.40
03-NOV-2022,FUTSTK,MARUTI,24-NOV-2022,9296.05
03-NOV-2022,FUTSTK,MARUTI,01-DEC-2022,9284.10
03-NOV-2022,FUTSTK,MARUTI,08-DEC-2022,9296.15
03-NOV-2022,FUTSTK,MARUTI,15-DEC-2022,9307.65
03-NOV-2022,FUTSTK,MARUTI,29-DEC-2022,9343.50
03-NOV-2022,FUTSTK,MARUTI,25-JAN-2023,9375.35
03-NOV-2022,FUTSTK,MCDOWELL-N,03-NOV-2022,893.25
03-NOV-2022,FUTSTK,MCDOWELL-N,10-NOV-2022,894.35
03-NOV-2022,FUTSTK,MCDOWELL-N,17-NOV-2022,895.45
03-NOV-2022,FUTSTK,MCDOWELL-N,24-NOV-2022,896.60
03-NOV-2022,FUTSTK,MCDOWELL-N,01-DEC-2022,897.65
03-NOV-2022,FUTSTK,MCDOWELL-N,08-DEC-2022,898.80
03-NOV-2022,FUTSTK,MCDOWELL-N,15-DEC-2022,899.90
03-NOV-2022,FUTSTK,MCDOWELL-N,29-DEC-2022,901.35
03-NOV-2022,FUTSTK,MCDOWELL-N,25-JAN-2023,906.45
03-NOV-2022,FUTSTK,MCX,03-NOV-2022,1502.80
03-NOV-2022,FUTSTK,MCX,10-NOV-2022,1504.65
03-NOV-2022,FUTSTK,MCX,17-NOV-2022,1506.50
03-NOV-2022,FUTSTK,MCX,24-NOV-2022,1508.95
03-NOV-2022,FUTSTK,MCX,01-DEC-2022,1510.20
03-NOV-2022,FUTSTK,MCX,08-DEC-2022,1512.15
03-NOV-2022,FUTSTK,MCX,29-DEC-2022,1516.15
03-NOV-2022,FUTSTK,MCX,25-JAN-2023,1525.00
03-NOV-2022,FUTSTK,METROPOLIS,03-NOV-2022,1707.75
03-NOV-2022,FUTSTK,METROPOLIS,10-NOV-2022,1709.85
03-NOV-2022,FUTSTK,METROPOLIS,17-NOV-2022,1711.95
03-NOV-2022,FUTSTK,METROPOLIS,24-NOV-2022,1677.75
03-NOV-2022,FUTSTK,METROPOLIS,01-DEC-2022,1716.15
03-NOV-2022,FUTSTK,METROPOLIS,08-DEC-2022,1718.35
03-NOV-2022,FUTSTK,METROPOLIS,29-DEC-2022,1641.70
03-NOV-2022,FUTSTK,METROPOLIS,25-JAN-2023,1625.00
03-NOV-2022,FUTSTK,MFSL,03-NOV-2022,720.20
03-NOV-2022,FUTSTK,MFSL,10-NOV-2022,721.10
03-NOV-2022,FUTSTK,MFSL,17-NOV-2022,722.00
03-NOV-2022,FUTSTK,MFSL,24-NOV-2022,722.80
03-NOV-2022,FUTSTK,MFSL,01-DEC-2022,723.75
03-NOV-2022,FUTSTK,MFSL,08-DEC-2022,724.70
03-NOV-2022,FUTSTK,MFSL,15-DEC-2022,725.60
03-NOV-2022,FUTSTK,MFSL,29-DEC-2022,725.70
03-NOV-2022,FUTSTK,MFSL,25-JAN-2023,730.85
03-NOV-2022,FUTSTK,MGL,03-NOV-2022,887.10
03-NOV-2022,FUTSTK,MGL,10-NOV-2022,888.20
03-NOV-2022,FUTSTK,MGL,17-NOV-2022,889.30
03-NOV-2022,FUTSTK,MGL,24-NOV-2022,893.10
03-NOV-2022,FUTSTK,MGL,01-DEC-2022,891.45
03-NOV-2022,FUTSTK,MGL,08-DEC-2022,892.60
03-NOV-2022,FUTSTK,MGL,15-DEC-2022,893.75
03-NOV-2022,FUTSTK,MGL,29-DEC-2022,896.65
03-NOV-2022,FUTSTK,MGL,25-JAN-2023,900.25
03-NOV-2022,FUTSTK,MINDTREE,03-NOV-2022,3497.95
03-NOV-2022,FUTSTK,MINDTREE,10-NOV-2022,3502.25
03-NOV-2022,FUTSTK,MINDTREE,17-NOV-2022,3506.55
03-NOV-2022,FUTSTK,MINDTREE,24-NOV-2022,3512.05
03-NOV-2022,FUTSTK,MINDTREE,01-DEC-2022,3515.10
03-NOV-2022,FUTSTK,MINDTREE,08-DEC-2022,3519.65
03-NOV-2022,FUTSTK,MINDTREE,15-DEC-2022,3524.05
03-NOV-2022,FUTSTK,MINDTREE,29-DEC-2022,3518.30
03-NOV-2022,FUTSTK,MINDTREE,25-JAN-2023,3549.65
03-NOV-2022,FUTSTK,MOTHERSON,03-NOV-2022,64.55
03-NOV-2022,FUTSTK,MOTHERSON,10-NOV-2022,64.65
03-NOV-2022,FUTSTK,MOTHERSON,17-NOV-2022,64.75
03-NOV-2022,FUTSTK,MOTHERSON,24-NOV-2022,64.90
03-NOV-2022,FUTSTK,MOTHERSON,01-DEC-2022,64.90
03-NOV-2022,FUTSTK,MOTHERSON,08-DEC-2022,64.95
03-NOV-2022,FUTSTK,MOTHERSON,15-DEC-2022,65.05
03-NOV-2022,FUTSTK,MOTHERSON,29-DEC-2022,65.20
03-NOV-2022,FUTSTK,MOTHERSON,25-JAN-2023,65.50
03-NOV-2022,FUTSTK,MPHASIS,03-NOV-2022,1989.65
03-NOV-2022,FUTSTK,MPHASIS,10-NOV-2022,1992.10
03-NOV-2022,FUTSTK,MPHASIS,17-NOV-2022,1994.55
03-NOV-2022,FUTSTK,MPHASIS,24-NOV-2022,2002.60
03-NOV-2022,FUTSTK,MPHASIS,01-DEC-2022,1999.40
03-NOV-2022,FUTSTK,MPHASIS,08-DEC-2022,2002.00
03-NOV-2022,FUTSTK,MPHASIS,29-DEC-2022,2012.70
03-NOV-2022,FUTSTK,MPHASIS,25-JAN-2023,2019.05
03-NOV-2022,FUTSTK,MRF,03-NOV-2022,90658.95
03-NOV-2022,FUTSTK,MRF,10-NOV-2022,90769.80
03-NOV-2022,FUTSTK,MRF,17-NOV-2022,90880.75
03-NOV-2022,FUTSTK,MRF,24-NOV-2022,90926.40
03-NOV-2022,FUTSTK,MRF,01-DEC-2022,91103.05
03-NOV-2022,FUTSTK,MRF,08-DEC-2022,91221.45
03-NOV-2022,FUTSTK,MRF,15-DEC-2022,91334.35
03-NOV-2022,FUTSTK,MRF,29-DEC-2022,90627.65
03-NOV-2022,FUTSTK,MRF,25-JAN-2023,91998.50
03-NOV-2022,FUTSTK,MUTHOOTFIN,03-NOV-2022,1058.25
03-NOV-2022,FUTSTK,MUTHOOTFIN,10-NOV-2022,1059.55
03-NOV-2022,FUTSTK,MUTHOOTFIN,17-NOV-2022,1060.85
03-NOV-2022,FUTSTK,MUTHOOTFIN,24-NOV-2022,1058.45
03-NOV-2022,FUTSTK,MUTHOOTFIN,01-DEC-2022,1063.45
03-NOV-2022,FUTSTK,MUTHOOTFIN,08-DEC-2022,1064.85
03-NOV-2022,FUTSTK,MUTHOOTFIN,15-DEC-2022,1066.15
03-NOV-2022,FUTSTK,MUTHOOTFIN,29-DEC-2022,1039.20
03-NOV-2022,FUTSTK,MUTHOOTFIN,25-JAN-2023,1025.00
03-NOV-2022,FUTSTK,NATIONALUM,03-NOV-2022,71.00
03-NOV-2022,FUTSTK,NATIONALUM,10-NOV-2022,71.10
03-NOV-2022,FUTSTK,NATIONALUM,17-NOV-2022,71.20
03-NOV-2022,FUTSTK,NATIONALUM,24-NOV-2022,71.50
03-NOV-2022,FUTSTK,NATIONALUM,01-DEC-2022,71.35
03-NOV-2022,FUTSTK,NATIONALUM,08-DEC-2022,71.45
03-NOV-2022,FUTSTK,NATIONALUM,15-DEC-2022,71.55
03-NOV-2022,FUTSTK,NATIONALUM,29-DEC-2022,71.75
03-NOV-2022,FUTSTK,NATIONALUM,25-JAN-2023,72.05
03-NOV-2022,FUTSTK,NAUKRI,03-NOV-2022,3931.75
03-NOV-2022,FUTSTK,NAUKRI,10-NOV-2022,3936.60
03-NOV-2022,FUTSTK,NAUKRI,17-NOV-2022,3941.40
03-NOV-2022,FUTSTK,NAUKRI,24-NOV-2022,3935.60
03-NOV-2022,FUTSTK,NAUKRI,01-DEC-2022,3951.05
03-NOV-2022,FUTSTK,NAUKRI,08-DEC-2022,3956.15
03-NOV-2022,FUTSTK,NAUKRI,29-DEC-2022,3947.60
03-NOV-2022,FUTSTK,NAUKRI,25-JAN-2023,3989.85
03-NOV-2022,FUTSTK,NAVINFLUOR,03-NOV-2022,4497.65
03-NOV-2022,FUTSTK,NAVINFLUOR,10-NOV-2022,4503.15
03-NOV-2022,FUTSTK,NAVINFLUOR,17-NOV-2022,4508.65
03-NOV-2022,FUTSTK,NAVINFLUOR,24-NOV-2022,4521.70
03-NOV-2022,FUTSTK,NAVINFLUOR,01-DEC-2022,4519.70
03-NOV-2022,FUTSTK,NAVINFLUOR,08-DEC-2022,4525.55
03-NOV-2022,FUTSTK,NAVINFLUOR,29-DEC-2022,4542.40
03-NOV-2022,FUTSTK,NAVINFLUOR,25-JAN-2023,4564.10
03-NOV-2022,FUTSTK,NESTLEIND,03-NOV-2022,20423.35
03-NOV-2022,FUTSTK,NESTLEIND,10-NOV-2022,20448.35
03-NOV-2022,FUTSTK,NESTLEIND,17-NOV-2022,20473.35
03-NOV-2022,FUTSTK,NESTLEIND,24-NOV-2022,20489.75
03-NOV-2022,FUTSTK,NESTLEIND,01-DEC-2022,20523.40
03-NOV-2022,FUTSTK,NESTLEIND,08-DEC-2022,20550.10
03-NOV-2022,FUTSTK,NESTLEIND,15-DEC-2022,20575.50
03-NOV-2022,FUTSTK,NESTLEIND,29-DEC-2022,20603.55
03-NOV-2022,FUTSTK,NESTLEIND,25-JAN-2023,20725.15
03-NOV-2022,FUTSTK,NMDC,03-NOV-2022,110.60
03-NOV-2022,FUTSTK,NMDC,10-NOV-2022,110.75
03-NOV-2022,FUTSTK,NMDC,17-NOV-2022,110.90
03-NOV-2022,FUTSTK,NMDC,24-NOV-2022,111.05
03-NOV-2022,FUTSTK,NMDC,01-DEC-2022,111.15
03-NOV-2022,FUTSTK,NMDC,08-DEC-2022,111.30
03-NOV-2022,FUTSTK,NMDC,15-DEC-2022,111.45
03-NOV-2022,FUTSTK,NMDC,29-DEC-2022,111.50
03-NOV-2022,FUTSTK,NMDC,25-JAN-2023,112.25
03-NOV-2022,FUTSTK,NTPC,03-NOV-2022,178.15
03-NOV-2022,FUTSTK,NTPC,10-NOV-2022,178.40
03-NOV-2022,FUTSTK,NTPC,17-NOV-2022,178.60
03-NOV-2022,FUTSTK,NTPC,24-NOV-2022,179.25
03-NOV-2022,FUTSTK,NTPC,01-DEC-2022,179.05
03-NOV-2022,FUTSTK,NTPC,08-DEC-2022,179.30
03-NOV-2022,FUTSTK,NTPC,15-DEC-2022,179.50
03-NOV-2022,FUTSTK,NTPC,29-DEC-2022,179.45
03-NOV-2022,FUTSTK,NTPC,25-JAN-2023,180.80
03-NOV-2022,FUTSTK,OBEROIRLTY,03-NOV-2022,931.35
03-NOV-2022,FUTSTK,OBEROIRLTY,10-NOV-2022,932.50
03-NOV-2022,FUTSTK,OBEROIRLTY,17-NOV-2022,933.65
03-NOV-2022,FUTSTK,OBEROIRLTY,24-NOV-2022,937.30
03-NOV-2022,FUTSTK,OBEROIRLTY,01-DEC-2022,935.95
03-NOV-2022,FUTSTK,OBEROIRLTY,08-DEC-2022,937.15
03-NOV-2022,FUTSTK,OBEROIRLTY,29-DEC-2022,940.70
03-NOV-2022,FUTSTK,OBEROIRLTY,25-JAN-2023,945.15
03-NOV-2022,FUTSTK,OFSS,03-NOV-2022,2975.30
03-NOV-2022,FUTSTK,OFSS,10-NOV-2022,2978.95
03-NOV-2022,FUTSTK,OFSS,17-NOV-2022,2982.60
03-NOV-2022,FUTSTK,OFSS,24-NOV-2022,2988.50
03-NOV-2022,FUTSTK,OFSS,01-DEC-2022,2989.90
03-NOV-2022,FUTSTK,OFSS,08-DEC-2022,2993.80
03-NOV-2022,FUTSTK,OFSS,29-DEC-2022,3002.50
03-NOV-2022,FUTSTK,OFSS,25-JAN-2023,3019.30
03-NOV-2022,FUTSTK,ONGC,03-NOV-2022,136.40
03-NOV-2022,FUTSTK,ONGC,10-NOV-2022,136.60
03-NOV-2022,FUTSTK,ONGC,17-NOV-2022,136.75
03-NOV-2022,FUTSTK,ONGC,24-NOV-2022,137.20
03-NOV-2022,FUTSTK,ONGC,01-DEC-2022,137.10
03-NOV-2022,FUTSTK,ONGC,08-DEC-2022,137.25
03-NOV-2022,FUTSTK,ONGC,15-DEC-2022,137.45
03-NOV-2022,FUTSTK,ONGC,29-DEC-2022,137.55
03-NOV-2022,FUTSTK,ONGC,25-JAN-2023,138.45
03-NOV-2022,FUTSTK,PAGEIND,03-NOV-2022,49531.00
03-NOV-2022,FUTSTK,PAGEIND,10-NOV-2022,49591.55
03-NOV-2022,FUTSTK,PAGEIND,17-NOV-2022,49652.20
03-NOV-2022,FUTSTK,PAGEIND,24-NOV-2022,49427.90
03-NOV-2022,FUTSTK,PAGEIND,01-DEC-2022,49773.65
03-NOV-2022,FUTSTK,PAGEIND,08-DEC-2022,49838.30
03-NOV-2022,FUTSTK,PAGEIND,15-DEC-2022,49900.00
03-NOV-2022,FUTSTK,PAGEIND,29-DEC-2022,49513.90
03-NOV-2022,FUTSTK,PAGEIND,25-JAN-2023,50262.85
03-NOV-2022,FUTSTK,PEL,03-NOV-2022,895.90
03-NOV-2022,FUTSTK,PEL,10-NOV-2022,897.00
03-NOV-2022,FUTSTK,PEL,17-NOV-2022,898.10
03-NOV-2022,FUTSTK,PEL,24-NOV-2022,900.90
03-NOV-2022,FUTSTK,PEL,01-DEC-2022,900.30
03-NOV-2022,FUTSTK,PEL,08-DEC-2022,901.50
03-NOV-2022,FUTSTK,PEL,15-DEC-2022,902.60
03-NOV-2022,FUTSTK,PEL,29-DEC-2022,904.35
03-NOV-2022,FUTSTK,PEL,25-JAN-2023,909.05
03-NOV-2022,FUTSTK,PERSISTENT,03-NOV-2022,3755.45
03-NOV-2022,FUTSTK,PERSISTENT,10-NOV-2022,3760.05
03-NOV-2022,FUTSTK,PERSISTENT,17-NOV-2022,3764.65
03-NOV-2022,FUTSTK,PERSISTENT,24-NOV-2022,3772.30
03-NOV-2022,FUTSTK,PERSISTENT,01-DEC-2022,3773.85
03-NOV-2022,FUTSTK,PERSISTENT,08-DEC-2022,3778.75
03-NOV-2022,FUTSTK,PERSISTENT,29-DEC-2022,3781.05
03-NOV-2022,FUTSTK,PERSISTENT,25-JAN-2023,3810.95
03-NOV-2022,FUTSTK,PETRONET,03-NOV-2022,209.15
03-NOV-2022,FUTSTK,PETRONET,10-NOV-2022,209.45
03-NOV-2022,FUTSTK,PETRONET,17-NOV-2022,209.70
03-NOV-2022,FUTSTK,PETRONET,24-NOV-2022,210.55
03-NOV-2022,FUTSTK,PETRONET,01-DEC-2022,210.20
03-NOV-2022,FUTSTK,PETRONET,08-DEC-2022,210.45
03-NOV-2022,FUTSTK,PETRONET,15-DEC-2022,210.75
03-NOV-2022,FUTSTK,PETRONET,29-DEC-2022,211.35
03-NOV-2022,FUTSTK,PETRONET,25-JAN-2023,212.25
03-NOV-2022,FUTSTK,PFC,03-NOV-2022,116.80
03-NOV-2022,FUTSTK,PFC,10-NOV-2022,116.95
03-NOV-2022,FUTSTK,PFC,17-NOV-2022,117.10
03-NOV-2022,FUTSTK,PFC,24-NOV-2022,116.95
03-NOV-2022,FUTSTK,PFC,01-DEC-2022,117.40
03-NOV-2022,FUTSTK,PFC,08-DEC-2022,117.55
03-NOV-2022,FUTSTK,PFC,15-DEC-2022,117.70
03-NOV-2022,FUTSTK,PFC,29-DEC-2022,117.25
03-NOV-2022,FUTSTK,PFC,25-JAN-2023,118.55
03-NOV-2022,FUTSTK,PIDILITIND,03-NOV-2022,2643.55
03-NOV-2022,FUTSTK,PIDILITIND,10-NOV-2022,2646.80
03-NOV-2022,FUTSTK,PIDILITIND,17-NOV-2022,2650.05
03-NOV-2022,FUTSTK,PIDILITIND,24-NOV-2022,2639.00
03-NOV-2022,FUTSTK,PIDILITIND,01-DEC-2022,2656.50
03-NOV-2022,FUTSTK,PIDILITIND,08-DEC-2022,2659.95
03-NOV-2022,FUTSTK,PIDILITIND,15-DEC-2022,2663.25
03-NOV-2022,FUTSTK,PIDILITIND,29-DEC-2022,2637.35
03-NOV-2022,FUTSTK,PIDILITIND,25-JAN-2023,2682.65
03-NOV-2022,FUTSTK,PIIND,03-NOV-2022,3245.55
03-NOV-2022,FUTSTK,PIIND,10-NOV-2022,3249.55
03-NOV-2022,FUTSTK,PIIND,17-NOV-2022,3253.50
03-NOV-2022,FUTSTK,PIIND,24-NOV-2022,3266.40
03-NOV-2022,FUTSTK,PIIND,01-DEC-2022,3261.45
03-NOV-2022,FUTSTK,PIIND,08-DEC-2022,3265.70
03-NOV-2022,FUTSTK,PIIND,29-DEC-2022,3277.85
03-NOV-2022,FUTSTK,PIIND,25-JAN-2023,3293.50
03-NOV-2022,FUTSTK,PNB,03-NOV-2022,41.30
03-NOV-2022,FUTSTK,PNB,10-NOV-2022,41.35
03-NOV-2022,FUTSTK,PNB,17-NOV-2022,41.40
03-NOV-2022,FUTSTK,PNB,24-NOV-2022,41.50
03-NOV-2022,FUTSTK,PNB,01-DEC-2022,41.50
03-NOV-2022,FUTSTK,PNB,08-DEC-2022,41.60
03-NOV-2022,FUTSTK,PNB,15-DEC-2022,41.65
03-NOV-2022,FUTSTK,PNB,29-DEC-2022,41.80
03-NOV-2022,FUTSTK,PNB,25-JAN-2023,42.05
03-NOV-2022,FUTSTK,POLYCAB,03-NOV-2022,2750.75
03-NOV-2022,FUTSTK,POLYCAB,10-NOV-2022,2754.15
03-NOV-2022,FUTSTK,POLYCAB,17-NOV-2022,2757.50
03-NOV-2022,FUTSTK,POLYCAB,24-NOV-2022,2749.65
03-NOV-2022,FUTSTK,POLYCAB,01-DEC-2022,2764.25
03-NOV-2022,FUTSTK,POLYCAB,08-DEC-2022,2767.85
03-NOV-2022,FUTSTK,POLYCAB,29-DEC-2022,2734.55
03-NOV-2022,FUTSTK,POLYCAB,25-JAN-2023,2791.40
03-NOV-2022,FUTSTK,POWERGRID,03-NOV-2022,228.05
03-NOV-2022,FUTSTK,POWERGRID,10-NOV-2022,228.35
03-NOV-2022,FUTSTK,POWERGRID,17-NOV-2022,228.65
03-NOV-2022,FUTSTK,POWERGRID,24-NOV-2022,227.70
03-NOV-2022,FUTSTK,POWERGRID,01-DEC-2022,229.20
03-NOV-2022,FUTSTK,POWERGRID,08-DEC-2022,229.50
03-NOV-2022,FUTSTK,POWERGRID,15-DEC-2022,229.75
03-NOV-2022,FUTSTK,POWERGRID,29-DEC-2022,227.95
03-NOV-2022,FUTSTK,POWERGRID,25-JAN-2023,228.25
03-NOV-2022,FUTSTK,PVR,03-NOV-2022,1781.20
03-NOV-2022,FUTSTK,PVR,10-NOV-2022,1783.40
03-NOV-2022,FUTSTK,PVR,17-NOV-2022,1785.60
03-NOV-2022,FUTSTK,PVR,24-NOV-2022,1783.00
03-NOV-2022,FUTSTK,PVR,01-DEC-2022,1789.95
03-NOV-2022,FUTSTK,PVR,08-DEC-2022,1792.25
03-NOV-2022,FUTSTK,PVR,15-DEC-2022,1794.50
03-NOV-2022,FUTSTK,PVR,29-DEC-2022,1785.45
03-NOV-2022,FUTSTK,PVR,25-JAN-2023,1807.55
03-NOV-2022,FUTSTK,RAIN,03-NOV-2022,170.55
03-NOV-2022,FUTSTK,RAIN,10-NOV-2022,170.80
03-NOV-2022,FUTSTK,RAIN,17-NOV-2022,171.00
03-NOV-2022,FUTSTK,RAIN,24-NOV-2022,171.70
03-NOV-2022,FUTSTK,RAIN,01-DEC-2022,171.40
03-NOV-2022,FUTSTK,RAIN,08-DEC-2022,171.65
03-NOV-2022,FUTSTK,RAIN,29-DEC-2022,172.75
03-NOV-2022,FUTSTK,RAIN,25-JAN-2023,173.10
03-NOV-2022,FUTSTK,RAMCOCEM,03-NOV-2022,716.00
03-NOV-2022,FUTSTK,RAMCOCEM,10-NOV-2022,716.90
03-NOV-2022,FUTSTK,RAMCOCEM,17-NOV-2022,717.75
03-NOV-2022,FUTSTK,RAMCOCEM,24-NOV-2022,715.05
03-NOV-2022,FUTSTK,RAMCOCEM,01-DEC-2022,719.55
03-NOV-2022,FUTSTK,RAMCOCEM,08-DEC-2022,720.45
03-NOV-2022,FUTSTK,RAMCOCEM,15-DEC-2022,721.35
03-NOV-2022,FUTSTK,RAMCOCEM,29-DEC-2022,710.60
03-NOV-2022,FUTSTK,RAMCOCEM,25-JAN-2023,705.00
03-NOV-2022,FUTSTK,RBLBANK,03-NOV-2022,134.90
03-NOV-2022,FUTSTK,RBLBANK,10-NOV-2022,135.10
03-NOV-2022,FUTSTK,RBLBANK,17-NOV-2022,135.25
03-NOV-2022,FUTSTK,RBLBANK,24-NOV-2022,135.50
03-NOV-2022,FUTSTK,RBLBANK,01-DEC-2022,135.60
03-NOV-2022,FUTSTK,RBLBANK,08-DEC-2022,135.75
03-NOV-2022,FUTSTK,RBLBANK,15-DEC-2022,135.90
03-NOV-2022,FUTSTK,RBLBANK,29-DEC-2022,136.05
03-NOV-2022,FUTSTK,RBLBANK,25-JAN-2023,136.90
03-NOV-2022,FUTSTK,RECLTD,03-NOV-2022,104.15
03-NOV-2022,FUTSTK,RECLTD,10-NOV-2022,104.30
03-NOV-2022,FUTSTK,RECLTD,17-NOV-2022,104.40
03-NOV-2022,FUTSTK,RECLTD,24-NOV-2022,104.50
03-NOV-2022,FUTSTK,RECLTD,01-DEC-2022,104.70
03-NOV-2022,FUTSTK,RECLTD,08-DEC-2022,104.80
03-NOV-2022,FUTSTK,RECLTD,15-DEC-2022,104.95
03-NOV-2022,FUTSTK,RECLTD,29-DEC-2022,104.95
03-NOV-2022,FUTSTK,RECLTD,25-JAN-2023,105.70
03-NOV-2022,FUTSTK,RELIANCE,03-NOV-2022,2555.15
03-NOV-2022,FUTSTK,RELIANCE,10-NOV-2022,2558.30
03-NOV-2022,FUTSTK,RELIANCE,17-NOV-2022,2561.40
03-NOV-2022,FUTSTK,RELIANCE,24-NOV-2022,2564.45
03-NOV-2022,FUTSTK,RELIANCE,01-DEC-2022,2567.70
03-NOV-2022,FUTSTK,RELIANCE,08-DEC-2022,2571.00
03-NOV-2022,FUTSTK,RELIANCE,15-DEC-2022,2574.20
03-NOV-2022,FUTSTK,RELIANCE,29-DEC-2022,2578.05
03-NOV-2022,FUTSTK,RELIANCE,25-JAN-2023,2589.05
03-NOV-2022,FUTSTK,SAIL,03-NOV-2022,81.30
03-NOV-2022,FUTSTK,SAIL,10-NOV-2022,81.40
03-NOV-2022,FUTSTK,SAIL,17-NOV-2022,81.50
03-NOV-2022,FUTSTK,SAIL,24-NOV-2022,81.75
03-NOV-2022,FUTSTK,SAIL,01-DEC-2022,81.70
03-NOV-2022,FUTSTK,SAIL,08-DEC-2022,81.80
03-NOV-2022,FUTSTK,SAIL,15-DEC-2022,81.95
03-NOV-2022,FUTSTK,SAIL,29-DEC-2022,82.05
03-NOV-2022,FUTSTK,SAIL,25-JAN-2023,82.50
03-NOV-2022,FUTSTK,SBICARD,03-NOV-2022,829.15
03-NOV-2022,FUTSTK,SBICARD,10-NOV-2022,830.20
03-NOV-2022,FUTSTK,SBICARD,17-NOV-2022,831.20
03-NOV-2022,FUTSTK,SBICARD,24-NOV-2022,833.70
03-NOV-2022,FUTSTK,SBICARD,01-DEC-2022,833.25
03-NOV-2022,FUTSTK,SBICARD,08-DEC-2022,834.30
03-NOV-2022,FUTSTK,SBICARD,29-DEC-2022,838.50
03-NOV-2022,FUTSTK,SBICARD,25-JAN-2023,841.40
03-NOV-2022,FUTSTK,SBILIFE,03-NOV-2022,1276.05
03-NOV-2022,FUTSTK,SBILIFE,10-NOV-2022,1277.65
03-NOV-2022,FUTSTK,SBILIFE,17-NOV-2022,1279.20
03-NOV-2022,FUTSTK,SBILIFE,24-NOV-2022,1280.20
03-NOV-2022,FUTSTK,SBILIFE,01-DEC-2022,1282.30
03-NOV-2022,FUTSTK,SBILIFE,08-DEC-2022,1284.00
03-NOV-2022,FUTSTK,SBILIFE,29-DEC-2022,1285.10
03-NOV-2022,FUTSTK,SBILIFE,25-JAN-2023,1294.90
03-NOV-2022,FUTSTK,SBIN,03-NOV-2022,584.90
03-NOV-2022,FUTSTK,SBIN,10-NOV-2022,585.65
03-NOV-2022,FUTSTK,SBIN,17-NOV-2022,586.35
03-NOV-2022,FUTSTK,SBIN,24-NOV-2022,588.00
03-NOV-2022,FUTSTK,SBIN,01-DEC-2022,587.80
03-NOV-2022,FUTSTK,SBIN,08-DEC-2022,588.55
03-NOV-2022,FUTSTK,SBIN,15-DEC-2022,589.30
03-NOV-2022,FUTSTK,SBIN,29-DEC-2022,590.70
03-NOV-2022,FUTSTK,SBIN,25-JAN-2023,592.60
03-NOV-2022,FUTSTK,SHREECEM,03-NOV-2022,22815.70
03-NOV-2022,FUTSTK,SHREECEM,10-NOV-2022,22843.60
03-NOV-2022,FUTSTK,SHREECEM,17-NOV-2022,22871.55
03-NOV-2022,FUTSTK,SHREECEM,24-NOV-2022,22654.80
03-NOV-2022,FUTSTK,SHREECEM,01-DEC-2022,22927.50
03-NOV-2022,FUTSTK,SHREECEM,08-DEC-2022,22957.25
03-NOV-2022,FUTSTK,SHREECEM,15-DEC-2022,22985.70
03-NOV-2022,FUTSTK,SHREECEM,29-DEC-2022,22465.70
03-NOV-2022,FUTSTK,SHREECEM,25-JAN-2023,23152.85
03-NOV-2022,FUTSTK,SIEMENS,03-NOV-2022,2891.55
03-NOV-2022,FUTSTK,SIEMENS,10-NOV-2022,2895.10
03-NOV-2022,FUTSTK,SIEMENS,17-NOV-2022,2898.65
03-NOV-2022,FUTSTK,SIEMENS,24-NOV-2022,2910.40
03-NOV-2022,FUTSTK,SIEMENS,01-DEC-2022,2905.75
03-NOV-2022,FUTSTK,SIEMENS,08-DEC-2022,2909.50
03-NOV-2022,FUTSTK,SIEMENS,15-DEC-2022,2913.10
03-NOV-2022,FUTSTK,SIEMENS,29-DEC-2022,2923.00
03-NOV-2022,FUTSTK,SIEMENS,25-JAN-2023,2934.30
03-NOV-2022,FUTSTK,SRF,03-NOV-2022,2554.25
03-NOV-2022,FUTSTK,SRF,10-NOV-2022,2557.40
03-NOV-2022,FUTSTK,SRF,17-NOV-2022,2560.50
03-NOV-2022,FUTSTK,SRF,24-NOV-2022,2575.55
03-NOV-2022,FUTSTK,SRF,01-DEC-2022,2566.80
03-NOV-2022,FUTSTK,SRF,08-DEC-2022,2570.10
03-NOV-2022,FUTSTK,SRF,15-DEC-2022,2573.30
03-NOV-2022,FUTSTK,SRF,29-DEC-2022,2589.75
03-NOV-2022,FUTSTK,SRF,25-JAN-2023,2592.00
03-NOV-2022,FUTSTK,SRTRANSFIN,03-NOV-2022,1240.25
03-NOV-2022,FUTSTK,SRTRANSFIN,10-NOV-2022,1241.80
03-NOV-2022,FUTSTK,SRTRANSFIN,17-NOV-2022,1243.30
03-NOV-2022,FUTSTK,SRTRANSFIN,24-NOV-2022,1239.10
03-NOV-2022,FUTSTK,SRTRANSFIN,01-DEC-2022,1246.35
03-NOV-2022,FUTSTK,SRTRANSFIN,08-DEC-2022,1247.95
03-NOV-2022,FUTSTK,SRTRANSFIN,15-DEC-2022,1249.50
03-NOV-2022,FUTSTK,SRTRANSFIN,29-DEC-2022,1221.55
03-NOV-2022,FUTSTK,SRTRANSFIN,25-JAN-2023,1211.55
03-NOV-2022,FUTSTK,SUNPHARMA,03-NOV-2022,1044.20
03-NOV-2022,FUTSTK,SUNPHARMA,10-NOV-2022,1045.50
03-NOV-2022,FUTSTK,SUNPHARMA,17-NOV-2022,1046.75
03-NOV-2022,FUTSTK,SUNPHARMA,24-NOV-2022,1051.05
03-NOV-2022,FUTSTK,SUNPHARMA,01-DEC-2022,1049.35
03-NOV-2022,FUTSTK,SUNPHARMA,08-DEC-2022,1050.70
03-NOV-2022,FUTSTK,SUNPHARMA,15-DEC-2022,1052.00
03-NOV-2022,FUTSTK,SUNPHARMA,29-DEC-2022,1056.60
03-NOV-2022,FUTSTK,SUNPHARMA,25-JAN-2023,1059.65
03-NOV-2022,FUTSTK,SUNTV,03-NOV-2022,544.70
03-NOV-2022,FUTSTK,SUNTV,10-NOV-2022,545.40
03-NOV-2022,FUTSTK,SUNTV,17-NOV-2022,546.05
03-NOV-2022,FUTSTK,SUNTV,24-NOV-2022,543.10
03-NOV-2022,FUTSTK,SUNTV,01-DEC-2022,547.40
03-NOV-2022,FUTSTK,SUNTV,08-DEC-2022,548.10
03-NOV-2022,FUTSTK,SUNTV,15-DEC-2022,548.80
03-NOV-2022,FUTSTK,SUNTV,29-DEC-2022,545.00
03-NOV-2022,FUTSTK,SUNTV,25-JAN-2023,546.05
03-NOV-2022,FUTSTK,SYNGENE,03-NOV-2022,639.15
03-NOV-2022,FUTSTK,SYNGENE,10-NOV-2022,639.95
03-NOV-2022,FUTSTK,SYNGENE,17-NOV-2022,640.75
03-NOV-2022,FUTSTK,SYNGENE,24-NOV-2022,643.40
03-NOV-2022,FUTSTK,SYNGENE,01-DEC-2022,642.30
03-NOV-2022,FUTSTK,SYNGENE,08-DEC-2022,643.15
03-NOV-2022,FUTSTK,SYNGENE,29-DEC-2022,645.55
03-NOV-2022,FUTSTK,SYNGENE,25-JAN-2023,648.60
03-NOV-2022,FUTSTK,TATACHEM,03-NOV-2022,1131.30
03-NOV-2022,FUTSTK,TATACHEM,10-NOV-2022,1132.70
03-NOV-2022,FUTSTK,TATACHEM,17-NOV-2022,1134.10
03-NOV-2022,FUTSTK,TATACHEM,24-NOV-2022,1139.45
03-NOV-2022,FUTSTK,TATACHEM,01-DEC-2022,1136.85
03-NOV-2022,FUTSTK,TATACHEM,08-DEC-2022,1138.35
03-NOV-2022,FUTSTK,TATACHEM,15-DEC-2022,1139.75
03-NOV-2022,FUTSTK,TATACHEM,29-DEC-2022,1145.25
03-NOV-2022,FUTSTK,TATACHEM,25-JAN-2023,1148.05
03-NOV-2022,FUTSTK,TATACOMM,03-NOV-2022,1269.95
03-NOV-2022,FUTSTK,TATACOMM,10-NOV-2022,1271.50
03-NOV-2022,FUTSTK,TATACOMM,17-NOV-2022,1273.10
03-NOV-2022,FUTSTK,TATACOMM,24-NOV-2022,1274.60
03-NOV-2022,FUTSTK,TATACOMM,01-DEC-2022,1276.20
03-NOV-2022,FUTSTK,TATACOMM,08-DEC-2022,1277.85
03-NOV-2022,FUTSTK,TATACOMM,29-DEC-2022,1281.30
03-NOV-2022,FUTSTK,TATACOMM,25-JAN-2023,1288.75
03-NOV-2022,FUTSTK,TATACONSUM,03-NOV-2022,762.75
03-NOV-2022,FUTSTK,TATACONSUM,10-NOV-2022,763.70
03-NOV-2022,FUTSTK,TATACONSUM,17-NOV-2022,764.65
03-NOV-2022,FUTSTK,TATACONSUM,24-NOV-2022,767.35
03-NOV-2022,FUTSTK,TATACONSUM,01-DEC-2022,766.50
03-NOV-2022,FUTSTK,TATACONSUM,08-DEC-2022,767.50
03-NOV-2022,FUTSTK,TATACONSUM,15-DEC-2022,768.45
03-NOV-2022,FUTSTK,TATACONSUM,29-DEC-2022,771.10
03-NOV-2022,FUTSTK,TATACONSUM,25-JAN-2023,774.05
03-NOV-2022,FUTSTK,TATAMOTORS,03-NOV-2022,416.25
03-NOV-2022,FUTSTK,TATAMOTORS,10-NOV-2022,416.80
03-NOV-2022,FUTSTK,TATAMOTORS,17-NOV-2022,417.30
03-NOV-2022,FUTSTK,TATAMOTORS,24-NOV-2022,418.20
03-NOV-2022,FUTSTK,TATAMOTORS,01-DEC-2022,418.30
03-NOV-2022,FUTSTK,TATAMOTORS,08-DEC-2022,418.85
03-NOV-2022,FUTSTK,TATAMOTORS,15-DEC-2022,419.35
03-NOV-2022,FUTSTK,TATAMOTORS,29-DEC-2022,418.55
03-NOV-2022,FUTSTK,TATAMOTORS,25-JAN-2023,419.50
03-NOV-2022,FUTSTK,TATAPOWER,03-NOV-2022,227.40
03-NOV-2022,FUTSTK,TATAPOWER,10-NOV-2022,227.70
03-NOV-2022,FUTSTK,TATAPOWER,17-NOV-2022,228.00
03-NOV-2022,FUTSTK,TATAPOWER,24-NOV-2022,229.00
03-NOV-2022,FUTSTK,TATAPOWER,01-DEC-2022,228.55
03-NOV-2022,FUTSTK,TATAPOWER,08-DEC-2022,228.85
03-NOV-2022,FUTSTK,TATAPOWER,15-DEC-2022,229.10
03-NOV-2022,FUTSTK,TATAPOWER,29-DEC-2022,230.10
03-NOV-2022,FUTSTK,TATAPOWER,25-JAN-2023,230.85
03-NOV-2022,FUTSTK,TATASTEEL,03-NOV-2022,102.00
03-NOV-2022,FUTSTK,TATASTEEL,10-NOV-2022,102.15
03-NOV-2022,FUTSTK,TATASTEEL,17-NOV-2022,102.25
03-NOV-2022,FUTSTK,TATASTEEL,24-NOV-2022,102.45
03-NOV-2022,FUTSTK,TATASTEEL,01-DEC-2022,102.50
03-NOV-2022,FUTSTK,TATASTEEL,08-DEC-2022,102.65
03-NOV-2022,FUTSTK,TATASTEEL,15-DEC-2022,102.80
03-NOV-2022,FUTSTK,TATASTEEL,29-DEC-2022,102.90
03-NOV-2022,FUTSTK,TATASTEEL,25-JAN-2023,103.45
03-NOV-2022,FUTSTK,TCS,03-NOV-2022,3206.75
03-NOV-2022,FUTSTK,TCS,10-NOV-2022,3210.70
03-NOV-2022,FUTSTK,TCS,17-NOV-2022,3214.60
03-NOV-2022,FUTSTK,TCS,24-NOV-2022,3218.85
03-NOV-2022,FUTSTK,TCS,01-DEC-2022,3222.50
03-NOV-2022,FUTSTK,TCS,08-DEC-2022,3226.65
03-NOV-2022,FUTSTK,TCS,15-DEC-2022,3230.65
03-NOV-2022,FUTSTK,TCS,29-DEC-2022,3235.10
03-NOV-2022,FUTSTK,TCS,25-JAN-2023,3243.05
03-NOV-2022,FUTSTK,TECHM,03-NOV-2022,1052.85
03-NOV-2022,FUTSTK,TECHM,10-NOV-2022,1054.15
03-NOV-2022,FUTSTK,TECHM,17-NOV-2022,1055.45
03-NOV-2022,FUTSTK,TECHM,24-NOV-2022,1040.75
03-NOV-2022,FUTSTK,TECHM,01-DEC-2022,1058.05
03-NOV-2022,FUTSTK,TECHM,08-DEC-2022,1059.40
03-NOV-2022,FUTSTK,TECHM,15-DEC-2022,1060.70
03-NOV-2022,FUTSTK,TECHM,29-DEC-2022,1046.65
03-NOV-2022,FUTSTK,TECHM,25-JAN-2023,1051.65
03-NOV-2022,FUTSTK,TITAN,03-NOV-2022,2763.65
03-NOV-2022,FUTSTK,TITAN,10-NOV-2022,2767.05
03-NOV-2022,FUTSTK,TITAN,17-NOV-2022,2770.45
03-NOV-2022,FUTSTK,TITAN,24-NOV-2022,2782.15
03-NOV-2022,FUTSTK,TITAN,01-DEC-2022,2777.20
03-NOV-2022,FUTSTK,TITAN,08-DEC-2022,2780.80
03-NOV-2022,FUTSTK,TITAN,15-DEC-2022,2784.25
03-NOV-2022,FUTSTK,TITAN,29-DEC-2022,2794.75
03-NOV-2022,FUTSTK,TITAN,25-JAN-2023,2806.80
03-NOV-2022,FUTSTK,TORNTPHARM,03-NOV-2022,1689.55
03-NOV-2022,FUTSTK,TORNTPHARM,10-NOV-2022,1691.65
03-NOV-2022,FUTSTK,TORNTPHARM,17-NOV-2022,1693.70
03-NOV-2022,FUTSTK,TORNTPHARM,24-NOV-2022,1700.85
03-NOV-2022,FUTSTK,TORNTPHARM,01-DEC-2022,1697.85
03-NOV-2022,FUTSTK,TORNTPHARM,08-DEC-2022,1700.05
03-NOV-2022,FUTSTK,TORNTPHARM,15-DEC-2022,1702.15
03-NOV-2022,FUTSTK,TORNTPHARM,29-DEC-2022,1705.80
03-NOV-2022,FUTSTK,TORNTPHARM,25-JAN-2023,1714.55
03-NOV-2022,FUTSTK,TORNTPOWER,03-NOV-2022,509.80
03-NOV-2022,FUTSTK,TORNTPOWER,10-NOV-2022,510.45
03-NOV-2022,FUTSTK,TORNTPOWER,17-NOV-2022,511.05
03-NOV-2022,FUTSTK,TORNTPOWER,24-NOV-2022,512.85
03-NOV-2022,FUTSTK,TORNTPOWER,01-DEC-2022,512.30
03-NOV-2022,FUTSTK,TORNTPOWER,08-DEC-2022,513.00
03-NOV-2022,FUTSTK,TORNTPOWER,15-DEC-2022,513.60
03-NOV-2022,FUTSTK,TORNTPOWER,29-DEC-2022,514.10
03-NOV-2022,FUTSTK,TORNTPOWER,25-JAN-2023,517.35
03-NOV-2022,FUTSTK,TRENT,03-NOV-2022,1545.50
03-NOV-2022,FUTSTK,TRENT,10-NOV-2022,1547.40
03-NOV-2022,FUTSTK,TRENT,17-NOV-2022,1549.30
03-NOV-2022,FUTSTK,TRENT,24-NOV-2022,1552.00
03-NOV-2022,FUTSTK,TRENT,01-DEC-2022,1553.10
03-NOV-2022,FUTSTK,TRENT,08-DEC-2022,1555.10
03-NOV-2022,FUTSTK,TRENT,29-DEC-2022,1558.95
03-NOV-2022,FUTSTK,TRENT,25-JAN-2023,1568.35
03-NOV-2022,FUTSTK,TVSMOTOR,03-NOV-2022,1134.65
03-NOV-2022,FUTSTK,TVSMOTOR,10-NOV-2022,1136.05
03-NOV-2022,FUTSTK,TVSMOTOR,17-NOV-2022,1137.45
03-NOV-2022,FUTSTK,TVSMOTOR,24-NOV-2022,1140.00
03-NOV-2022,FUTSTK,TVSMOTOR,01-DEC-2022,1140.25
03-NOV-2022,FUTSTK,TVSMOTOR,08-DEC-2022,1141.70
03-NOV-2022,FUTSTK,TVSMOTOR,15-DEC-2022,1143.10
03-NOV-2022,FUTSTK,TVSMOTOR,29-DEC-2022,1137.20
03-NOV-2022,FUTSTK,TVSMOTOR,25-JAN-2023,1135.10
03-NOV-2022,FUTSTK,UBL,03-NOV-2022,1657.75
03-NOV-2022,FUTSTK,UBL,10-NOV-2022,1659.80
03-NOV-2022,FUTSTK,UBL,17-NOV-2022,1661.85
03-NOV-2022,FUTSTK,UBL,24-NOV-2022,1664.50
03-NOV-2022,FUTSTK,UBL,01-DEC-2022,1665.90
03-NOV-2022,FUTSTK,UBL,08-DEC-2022,1668.05
03-NOV-2022,FUTSTK,UBL,15-DEC-2022,1670.10
03-NOV-2022,FUTSTK,UBL,29-DEC-2022,1667.35
03-NOV-2022,FUTSTK,UBL,25-JAN-2023,1682.25
03-NOV-2022,FUTSTK,ULTRACEMCO,03-NOV-2022,6728.25
03-NOV-2022,FUTSTK,ULTRACEMCO,10-NOV-2022,6736.50
03-NOV-2022,FUTSTK,ULTRACEMCO,17-NOV-2022,6744.75
03-NOV-2022,FUTSTK,ULTRACEMCO,24-NOV-2022,6768.60
03-NOV-2022,FUTSTK,ULTRACEMCO,01-DEC-2022,6761.25
03-NOV-2022,FUTSTK,ULTRACEMCO,08-DEC-2022,6770.00
03-NOV-2022,FUTSTK,ULTRACEMCO,15-DEC-2022,6778.40
03-NOV-2022,FUTSTK,ULTRACEMCO,29-DEC-2022,6802.25
03-NOV-2022,FUTSTK,ULTRACEMCO,25-JAN-2023,6827.70
03-NOV-2022,FUTSTK,UPL,03-NOV-2022,726.20
03-NOV-2022,FUTSTK,UPL,10-NOV-2022,727.10
03-NOV-2022,FUTSTK,UPL,17-NOV-2022,728.00
03-NOV-2022,FUTSTK,UPL,24-NOV-2022,729.00
03-NOV-2022,FUTSTK,UPL,01-DEC-2022,729.80
03-NOV-2022,FUTSTK,UPL,08-DEC-2022,730.75
03-NOV-2022,FUTSTK,UPL,15-DEC-2022,731.65
03-NOV-2022,FUTSTK,UPL,29-DEC-2022,732.30
03-NOV-2022,FUTSTK,UPL,25-JAN-2023,736.95
03-NOV-2022,FUTSTK,VEDL,03-NOV-2022,302.90
03-NOV-2022,FUTSTK,VEDL,10-NOV-2022,303.30
03-NOV-2022,FUTSTK,VEDL,17-NOV-2022,303.65
03-NOV-2022,FUTSTK,VEDL,24-NOV-2022,304.75
03-NOV-2022,FUTSTK,VEDL,01-DEC-2022,304.40
03-NOV-2022,FUTSTK,VEDL,08-DEC-2022,304.80
03-NOV-2022,FUTSTK,VEDL,15-DEC-2022,305.20
03-NOV-2022,FUTSTK,VEDL,29-DEC-2022,306.10
03-NOV-2022,FUTSTK,VEDL,25-JAN-2023,306.70
03-NOV-2022,FUTSTK,VOLTAS,03-NOV-2022,861.25
03-NOV-2022,FUTSTK,VOLTAS,10-NOV-2022,862.30
03-NOV-2022,FUTSTK,VOLTAS,17-NOV-2022,863.40
03-NOV-2022,FUTSTK,VOLTAS,24-NOV-2022,864.20
03-NOV-2022,FUTSTK,VOLTAS,01-DEC-2022,865.50
03-NOV-2022,FUTSTK,VOLTAS,08-DEC-2022,866.60
03-NOV-2022,FUTSTK,VOLTAS,15-DEC-2022,867.70
03-NOV-2022,FUTSTK,VOLTAS,29-DEC-2022,867.20
03-NOV-2022,FUTSTK,VOLTAS,25-JAN-2023,870.00
03-NOV-2022,FUTSTK,WHIRLPOOL,03-NOV-2022,1518.90
03-NOV-2022,FUTSTK,WHIRLPOOL,10-NOV-2022,1520.80
03-NOV-2022,FUTSTK,WHIRLPOOL,17-NOV-2022,1522.65
03-NOV-2022,FUTSTK,WHIRLPOOL,24-NOV-2022,1527.55
03-NOV-2022,FUTSTK,WHIRLPOOL,01-DEC-2022,1526.35
03-NOV-2022,FUTSTK,WHIRLPOOL,08-DEC-2022,1528.35
03-NOV-2022,FUTSTK,WHIRLPOOL,29-DEC-2022,1536.05
03-NOV-2022,FUTSTK,WHIRLPOOL,25-JAN-2023,1541.35
03-NOV-2022,FUTSTK,WIPRO,03-NOV-2022,388.50
03-NOV-2022,FUTSTK,WIPRO,10-NOV-2022,389.00
03-NOV-2022,FUTSTK,WIPRO,17-NOV-2022,389.45
03-NOV-2022,FUTSTK,WIPRO,24-NOV-2022,389.85
03-NOV-2022,FUTSTK,WIPRO,01-DEC-2022,390.40
03-NOV-2022,FUTSTK,WIPRO,08-DEC-2022,390.95
03-NOV-2022,FUTSTK,WIPRO,15-DEC-2022,391.40
03-NOV-2022,FUTSTK,WIPRO,29-DEC-2022,391.55
03-NOV-2022,FUTSTK,WIPRO,25-JAN-2023,392.05
03-NOV-2022,FUTSTK,ZEEL,03-NOV-2022,267.40
03-NOV-2022,FUTSTK,ZEEL,10-NOV-2022,267.75
03-NOV-2022,FUTSTK,ZEEL,17-NOV-2022,268.05
03-NOV-2022,FUTSTK,ZEEL,24-NOV-2022,268.50
03-NOV-2022,FUTSTK,ZEEL,01-DEC-2022,268.75
03-NOV-2022,FUTSTK,ZEEL,08-DEC-2022,269.10
03-NOV-2022,FUTSTK,ZEEL,15-DEC-2022,269.40
03-NOV-2022,FUTSTK,ZEEL,29-DEC-2022,269.85
03-NOV-2022,FUTSTK,ZEEL,25-JAN-2023,271.35
03-NOV-2022,FUTSTK,ZYDUSLIFE,03-NOV-2022,438.65
03-NOV-2022,FUTSTK,ZYDUSLIFE,10-NOV-2022,439.20
03-NOV-2022,FUTSTK,ZYDUSLIFE,17-NOV-2022,439.75
03-NOV-2022,FUTSTK,ZYDUSLIFE,24-NOV-2022,440.30
03-NOV-2022,FUTSTK,ZYDUSLIFE,01-DEC-2022,440.80
03-NOV-2022,FUTSTK,ZYDUSLIFE,08-DEC-2022,441.40
03-NOV-2022,FUTSTK,ZYDUSLIFE,15-DEC-2022,441.95
03-NOV-2022,FUTSTK,ZYDUSLIFE,29-DEC-2022,442.00
03-NOV-2022,FUTSTK,ZYDUSLIFE,25-JAN-2023,444.35
03-NOV-2022,OPTSTK,AARTIIND,,730.55
03-NOV-2022,OPTSTK,ABB,,3225.25
03-NOV-2022,OPTSTK,ABBOTINDIA,,19949.60
03-NOV-2022,OPTSTK,ABCAPITAL,,119.75
03-NOV-2022,OPTSTK,ABFRL,,352.40
03-NOV-2022,OPTSTK,ACC,,2455.35
03-NOV-2022,OPTSTK,ADANIENT,,3590.40
03-NOV-2022,OPTSTK,ADANIPORTS,,833.50
03-NOV-2022,OPTSTK,ALKEM,,3296.35
03-NOV-2022,OPTSTK,AMARAJABAT,,519.75
03-NOV-2022,OPTSTK,AMBUJACEM,,539.50
03-NOV-2022,OPTSTK,APOLLOHOSP,,4395.00
03-NOV-2022,OPTSTK,APOLLOTYRE,,286.45
03-NOV-2022,OPTSTK,ASHOKLEY,,148.05
03-NOV-2022,OPTSTK,ASIANPAINT,,3141.30
03-NOV-2022,OPTSTK,ASTRAL,,2075.55
03-NOV-2022,OPTSTK,ATUL,,8443.70
03-NOV-2022,OPTSTK,AUBANK,,614.60
03-NOV-2022,OPTSTK,AUROPHARMA,,558.35
03-NOV-2022,OPTSTK,AXISBANK,,864.05
03-NOV-2022,OPTSTK,BAJAJ-AUTO,,3773.50
03-NOV-2022,OPTSTK,BAJAJFINSV,,1723.50
03-NOV-2022,OPTSTK,BAJFINANCE,,7121.60
03-NOV-2022,OPTSTK,BALKRISIND,,1895.60
03-NOV-2022,OPTSTK,BALRAMCHIN,,337.85
03-NOV-2022,OPTSTK,BANDHANBNK,,233.65
03-NOV-2022,OPTSTK,BANKBARODA,,148.15
03-NOV-2022,OPTSTK,BATAINDIA,,1832.05
03-NOV-2022,OPTSTK,BEL,,109.95
03-NOV-2022,OPTSTK,BERGEPAINT,,606.70
03-NOV-2022,OPTSTK,BHARATFORG,,857.20
03-NOV-2022,OPTSTK,BHARTIARTL,,818.65
03-NOV-2022,OPTSTK,BHEL,,75.35
03-NOV-2022,OPTSTK,BIOCON,,279.75
03-NOV-2022,OPTSTK,BOSCHLTD,,16557.60
03-NOV-2022,OPTSTK,BPCL,,305.10
03-NOV-2022,OPTSTK,BRITANNIA,,3748.00
03-NOV-2022,OPTSTK,BSOFT,,278.00
03-NOV-2022,OPTSTK,CANBK,,295.05
03-NOV-2022,OPTSTK,CANFINHOME,,521.15
03-NOV-2022,OPTSTK,CHAMBLFERT,,310.30
03-NOV-2022,OPTSTK,CHOLAFIN,,758.55
03-NOV-2022,OPTSTK,CIPLA,,1162.95
03-NOV-2022,OPTSTK,COALINDIA,,246.20
03-NOV-2022,OPTSTK,COFORGE,,3794.40
03-NOV-2022,OPTSTK,COLPAL,,1589.10
03-NOV-2022,OPTSTK,CONCOR,,796.05
03-NOV-2022,OPTSTK,COROMANDEL,,983.85
03-NOV-2022,OPTSTK,CROMPTON,,363.45
03-NOV-2022,OPTSTK,CUB,,187.75
03-NOV-2022,OPTSTK,CUMMINSIND,,1330.85
03-NOV-2022,OPTSTK,DABUR,,555.90
03-NOV-2022,OPTSTK,DALBHARAT,,1653.65
03-NOV-2022,OPTSTK,DEEPAKNTR,,2319.30
03-NOV-2022,OPTSTK,DELTACORP,,222.45
03-NOV-2022,OPTSTK,DIVISLAB,,3781.25
03-NOV-2022,OPTSTK,DIXON,,4533.60
03-NOV-2022,OPTSTK,DLF,,384.75
03-NOV-2022,OPTSTK,DRREDDY,,4590.10
03-NOV-2022,OPTSTK,EICHERMOT,,3675.25
03-NOV-2022,OPTSTK,ESCORTS,,2013.15
03-NOV-2022,OPTSTK,EXIDEIND,,164.85
03-NOV-2022,OPTSTK,FEDERALBNK,,137.25
03-NOV-2022,OPTSTK,FSL,,103.65
03-NOV-2022,OPTSTK,GAIL,,90.55
03-NOV-2022,OPTSTK,GLENMARK,,422.85
03-NOV-2022,OPTSTK,GMRINFRA,,37.45
03-NOV-2022,OPTSTK,GNFC,,704.05
03-NOV-2022,OPTSTK,GODREJCP,,831.75
03-NOV-2022,OPTSTK,GODREJPROP,,1250.35
03-NOV-2022,OPTSTK,GRANULES,,378.65
03-NOV-2022,OPTSTK,GRASIM,,1745.65
03-NOV-2022,OPTSTK,GSPL,,225.35
03-NOV-2022,OPTSTK,GUJGASLTD,,516.60
03-NOV-2022,OPTSTK,HAL,,2545.15
03-NOV-2022,OPTSTK,HAVELLS,,1207.10
03-NOV-2022,OPTSTK,HCLTECH,,1045.15
03-NOV-2022,OPTSTK,HDFC,,2489.90
03-NOV-2022,OPTSTK,HDFCAMC,,2098.20
03-NOV-2022,OPTSTK,HDFCBANK,,1507.60
03-NOV-2022,OPTSTK,HDFCLIFE,,545.40
03-NOV-2022,OPTSTK,HEROMOTOCO,,2646.35
03-NOV-2022,OPTSTK,HINDALCO,,410.35
03-NOV-2022,OPTSTK,HINDCOPPER,,104.90
03-NOV-2022,OPTSTK,HINDPETRO,,211.05
03-NOV-2022,OPTSTK,HINDUNILVR,,2546.35
03-NOV-2022,OPTSTK,HONAUT,,40283.45
03-NOV-2022,OPTSTK,IBULHSGFIN,,127.55
03-NOV-2022,OPTSTK,ICICIBANK,,908.65
03-NOV-2022,OPTSTK,ICICIGI,,1165.20
03-NOV-2022,OPTSTK,ICICIPRULI,,519.15
03-NOV-2022,OPTSTK,IDEA,,8.55
03-NOV-2022,OPTSTK,IDFC,,78.10
03-NOV-2022,OPTSTK,IDFCFIRSTB,,57.20
03-NOV-2022,OPTSTK,IEX,,143.95
03-NOV-2022,OPTSTK,IGL,,419.65
03-NOV-2022,OPTSTK,INDHOTEL,,339.95
03-NOV-2022,OPTSTK,INDIACEM,,244.25
03-NOV-2022,OPTSTK,INDIAMART,,4717.80
03-NOV-2022,OPTSTK,INDIGO,,1803.20
03-NOV-2022,OPTSTK,INDUSINDBK,,1148.00
03-NOV-2022,OPTSTK,INDUSTOWER,,187.80
03-NOV-2022,OPTSTK,INFY,,1530.75
03-NOV-2022,OPTSTK,INTELLECT,,416.30
03-NOV-2022,OPTSTK,IOC,,68.70
03-NOV-2022,OPTSTK,IPCALAB,,908.45
03-NOV-2022,OPTSTK,IRCTC,,751.40
03-NOV-2022,OPTSTK,ITC,,353.70
03-NOV-2022,OPTSTK,JINDALSTEL,,468.85
03-NOV-2022,OPTSTK,JKCEMENT,,2808.15
03-NOV-2022,OPTSTK,JSWSTEEL,,680.20
03-NOV-2022,OPTSTK,JUBLFOOD,,608.40
03-NOV-2022,OPTSTK,KOTAKBANK,,1900.15
03-NOV-2022,OPTSTK,L&TFH,,82.35
03-NOV-2022,OPTSTK,LALPATHLAB,,2616.95
03-NOV-2022,OPTSTK,LAURUSLABS,,477.95
03-NOV-2022,OPTSTK,LICHSGFIN,,369.90
03-NOV-2022,OPTSTK,LT,,2008.65
03-NOV-2022,OPTSTK,LTI,,4839.00
03-NOV-2022,OPTSTK,LTTS,,3624.00
03-NOV-2022,OPTSTK,LUPIN,,712.15
03-NOV-2022,OPTSTK,M&M,,1335.40
03-NOV-2022,OPTSTK,M&MFIN,,219.90
03-NOV-2022,OPTSTK,MANAPPURAM,,105.35
03-NOV-2022,OPTSTK,MARICO,,539.65
03-NOV-2022,OPTSTK,MARUTI,,9238.80
03-NOV-2022,OPTSTK,MCDOWELL-N,,893.25
03-NOV-2022,OPTSTK,MCX,,1502.80
03-NOV-2022,OPTSTK,METROPOLIS,,1707.75
03-NOV-2022,OPTSTK,MFSL,,720.20
03-NOV-2022,OPTSTK,MGL,,887.10
03-NOV-2022,OPTSTK,MINDTREE,,3497.95
03-NOV-2022,OPTSTK,MOTHERSON,,64.55
03-NOV-2022,OPTSTK,MPHASIS,,1989.65
03-NOV-2022,OPTSTK,MRF,,90658.95
03-NOV-2022,OPTSTK,MUTHOOTFIN,,1058.25
03-NOV-2022,OPTSTK,NATIONALUM,,71.00
03-NOV-2022,OPTSTK,NAUKRI,,3931.75
03-NOV-2022,OPTSTK,NAVINFLUOR,,4497.65
03-NOV-2022,OPTSTK,NESTLEIND,,20423.35
03-NOV-2022,OPTSTK,NMDC,,110.60
03-NOV-2022,OPTSTK,NTPC,,178.15
03-NOV-2022,OPTSTK,OBEROIRLTY,,931.35
03-NOV-2022,OPTSTK,OFSS,,2975.30
03-NOV-2022,OPTSTK,ONGC,,136.40
03-NOV-2022,OPTSTK,PAGEIND,,49531.00
03-NOV-2022,OPTSTK,PEL,,895.90
03-NOV-2022,OPTSTK,PERSISTENT,,3755.45
03-NOV-2022,OPTSTK,PETRONET,,209.15
03-NOV-2022,OPTSTK,PFC,,116.80
03-NOV-2022,OPTSTK,PIDILITIND,,2643.55
03-NOV-2022,OPTSTK,PIIND,,3245.55
03-NOV-2022,OPTSTK,PNB,,41.30
03-NOV-2022,OPTSTK,POLYCAB,,2750.75
03-NOV-2022,OPTSTK,POWERGRID,,228.05
03-NOV-2022,OPTSTK,PVR,,1781.20
03-NOV-2022,OPTSTK,RAIN,,170.55
03-NOV-2022,OPTSTK,RAMCOCEM,,716.00
03-NOV-2022,OPTSTK,RBLBANK,,134.90
03-NOV-2022,OPTSTK,RECLTD,,104.15
03-NOV-2022,OPTSTK,RELIANCE,,2555.15
03-NOV-2022,OPTSTK,SAIL,,81.30
03-NOV-2022,OPTSTK,SBICARD,,829.15
03-NOV-2022,OPTSTK,SBILIFE,,1276.05
03-NOV-2022,OPTSTK,SBIN,,584.90
03-NOV-2022,OPTSTK,SHREECEM,,22815.70
03-NOV-2022,OPTSTK,SIEMENS,,2891.55
03-NOV-2022,OPTSTK,SRF,,2554.25
03-NOV-2022,OPTSTK,SRTRANSFIN,,1240.25
03-NOV-2022,OPTSTK,SUNPHARMA,,1044.20
03-NOV-2022,OPTSTK,SUNTV,,544.70
03-NOV-2022,OPTSTK,SYNGENE,,639.15
03-NOV-2022,OPTSTK,TATACHEM,,1131.30
03-NOV-2022,OPTSTK,TATACOMM,,1269.95
03-NOV-2022,OPTSTK,TATACONSUM,,762.75
03-NOV-2022,OPTSTK,TATAMOTORS,,416.25
03-NOV-2022,OPTSTK,TATAPOWER,,227.40
03-NOV-2022,OPTSTK,TATASTEEL,,102.00
03-NOV-2022,OPTSTK,TCS,,3206.75
03-NOV-2022,OPTSTK,TECHM,,1052.85
03-NOV-2022,OPTSTK,TITAN,,2763.65
03-NOV-2022,OPTSTK,TORNTPHARM,,1689.55
03-NOV-2022,OPTSTK,TORNTPOWER,,509.80
03-NOV-2022,OPTSTK,TRENT,,1545.50
03-NOV-2022,OPTSTK,TVSMOTOR,,1134.65
03-NOV-2022,OPTSTK,UBL,,1657.75
03-NOV-2022,OPTSTK,ULTRACEMCO,,6728.25
03-NOV-2022,OPTSTK,UPL,,726.20
03-NOV-2022,OPTSTK,VEDL,,302.90
03-NOV-2022,OPTSTK,VOLTAS,,861.25
03-NOV-2022,OPTSTK,WHIRLPOOL,,1518.90
03-NOV-2022,OPTSTK,WIPRO,,388.50
03-NOV-2022,OPTSTK,ZEEL,,267.40
03-NOV-2022,OPTSTK,ZYDUSLIFE,,438.65
